"{""_id"":{""$oid"":""5e6fa6c6431e5594c6ff48e9""}","original_text:""#Hate has no boundaries. Swastika spray-painted on #Canadian synagogue. Chevra Mishnayes in #Winnipeg has been targeted by #antisemitic vandalism in recent years"," including having its mailbox set on fire üî• https://t.co/gxehntE9tN""","label:""angry""","process_text:""Hate has no boundaries Swastika spray painted on Canadian synagogue Chevra Mishnayes in Winnipeg has been targeted by antisemitic vandalism in recent years including having its mailbox set on fire""}",,,,,
"{""_id"":{""$oid"":""5e6fa6c7431e5594c6ff48ea""}","original_text:""Democratic strategist¬†#Hilary #Rosen has apologized to¬†Nina Turner", the campaign co-chair for Sen. Bernie Sanders, after a clash on CNN," but is now under #Fire for invoking the phrase ‚Ä?Angry #Black #Women‚Ä?in her apology.\nOn Thursday night ...\n \nhttps://t.co/btAqkdPvnl https://t.co/pmUHBxpUJ2""","label:""angry""","process_text:""Democratic strategist Hilary Rosen has apologized to Nina Turner the campaign co chair for Sen Bernie Sanders after a clash on CNN but is now under Fire for invoking the phrase Angry Black Women in her apology On Thursday night""}",,,
"{""_id"":{""$oid"":""5e6fa6c7431e5594c6ff48eb""}","original_text:""- We cant stop looking at that yummy thick #booty of yours @tallmuscle_; RT if happen the same thing to you üòà #thick #hot #juicy #HappyHumpDay #loveit #sexyAF #damn #TEAMMaleBubbleButt #woof https://t.co/iAwn0TOFH9""","label:""angry""","process_text:""We cant stop looking at that yummy thick booty of yours RT if happen the same thing to you thick hot juicy HappyHumpDay loveit sexyAF damn TEAMMaleBubbleButt woof""}",,,,,,
"{""_id"":{""$oid"":""5e6fa6cb431e5594c6ff48ec""}","original_text:""Bums Who Doubted Conor McGregor Beating Edward Alvarez ‚Ä?2020 MMA https://t.co/jHhsQmvSk1 #boxing #wilder #boxingnews #fury https://t.co/qKtXDu5qK3""","label:""angry""","process_text:""Bums Who Doubted Conor McGregor Beating Edward Alvarez 2020 MMA boxing wilder boxingnews fury""}",,,,,,
"{""_id"":{""$oid"":""5e6fa6ce431e5594c6ff48ee""}","original_text:""Conor McGregor announces retirement from mixed martial arts ‚Ä?2020 MMA https://t.co/rNmVsv2YEY #boxing #wilder #fury #stream https://t.co/c3FQvAFbqv""","label:""angry""","process_text:""Conor McGregor announces retirement from mixed martial arts 2020 MMA boxing wilder fury stream""}",,,,,,
"{""_id"":{""$oid"":""5e6fa6d0431e5594c6ff48ef""}","original_text:""Charlie Zelenoff gets destroyed by ‚Äúgarbage ass 1-12 fighter‚Ä?Andrew Hartley ‚Ä?2020 MMA https://t.co/mtpG7xMdIM #boxing #fury #stream #boxingnews https://t.co/EpvPf2kLJy""","label:""angry""","process_text:""Charlie Zelenoff gets destroyed by garbage ass 1 12 fighter Andrew Hartley 2020 MMA boxing fury stream boxingnews""}",,,,,,
"{""_id"":{""$oid"":""5e6fa6d1431e5594c6ff48f0""}","original_text:""(WOW) WHISTLE BLOWER MARTIN CAREFOOT EXPOSES TYSON FURY ALLEGED COVER UP SCANDAL WITH (UKAD) ‚Ä?2020 MMA https://t.co/QHbF21coXp #boxing #fury #boxingnews #stream https://t.co/GDYMzKBBX8""","label:""angry""","process_text:""WOW WHISTLE BLOWER MARTIN CAREFOOT EXPOSES TYSON FURY ALLEGED COVER UP SCANDAL WITH UKAD 2020 MMA boxing fury boxingnews stream""}",,,,,,
"{""_id"":{""$oid"":""5e6fa6d3431e5594c6ff48f1""}","original_text:""Does anyone happen to have a photograph of Lord PANNICK... wait for it... in a supermarket", ok, right, BUYING, yeah," some toilet roll or pasta because I reckon I‚Äôve got the makings of a half-decent caption for that tbh.\n\n#FuckOff\n#Awful""","label:""angry""","process_text:""Does anyone happen to have a photograph of Lord PANNICK wait for it in a supermarket ok right BUYING yeah some toilet roll or pasta because I reckon I have got the makings of a half decent caption for that tbh FuckOff Awful""}",
"{""_id"":{""$oid"":""5e6fa6d6431e5594c6ff48f2""}","original_text:""Breaking!Tyson Fury Career OVER!Caught Lying!\""1st I wanna Thx My Lord &amp; Savior Jesus Christ\"" ‚Ä?2020 MMA https://t.co/frF55g3uCC #boxing #fury #boxingnews #stream https://t.co/gj0cfdKlmA""","label:""angry""","process_text:""Breaking Tyson Fury Career OVER Caught Lying 1st I wanna Thx My Lord amp Savior Jesus Christ 2020 MMA boxing fury boxingnews stream""}",,,,,,
"{""_id"":{""$oid"":""5e6fa6d8431e5594c6ff48f3""}","original_text:""Who Is With Me On This One?\n#twitter #Australia #followforfollow #retweet #comedy #funny #StupidPeople #stupidshit #Entertainment #people #angry #Fights #fight https://t.co/leqc9ALJJw""","label:""angry""","process_text:""Who Is With Me On This One twitter Australia followforfollow retweet comedy funny StupidPeople stupidshit Entertainment people angry Fights fight""}",,,,,,
"{""_id"":{""$oid"":""5e6fa6da431e5594c6ff48f4""}","original_text:""@JGreenblattADL Opinion: It‚Äôs time to talk about being Color Blind in America.\n\nIf there is so much Hate"," why do the #Democrats need to keep faking #Hate to prove it exists?\n\nThat's why number of #fake #hate crimes has reached an all-time high. Democrats are desperate to keep us divided. https://t.co/RMnNDgXidf""","label:""angry""",process_text:null},,,,,
"{""_id"":{""$oid"":""5e6fa6df431e5594c6ff48f5""}","original_text:""Josh Frydenberg's attempt to make fun of his Labor opponent by comparing him to a practicing Hindu has offended many Hindus. https://t.co/HLOHWSQmSE""","label:""angry""","process_text:""Josh Frydenberg s attempt to make fun of his Labor opponent by comparing him to a practicing Hindu has offended many Hindus""}",,,,,,
"{""_id"":{""$oid"":""5e6fa6e2431e5594c6ff48f6""}","original_text:""- LOVE IT!!! We never get tired of watching @rk_18k thick yummy #booty üòà #damn #ass #loveit #muscle #thick #hotAF #delicious https://t.co/py7H9PSnSh""","label:""angry""","process_text:""LOVE IT We never get tired of watching 18k thick yummy booty damn ass loveit muscle thick hotAF delicious""}",,,,,,
"{""_id"":{""$oid"":""5e6fa6e5431e5594c6ff48f7""}","original_text:""Aaaannnd...with today's cratering"," the total loss on the TSX Composite since its most recent high is now 30.3%\n\nIts most recent high was 3 weeks ago today\n\n#TBThursday \n#Fast\n#Furious\n#stocks""","label:""angry""","process_text:""Aaannd with today s cratering the total loss on the TSX Composite since its most recent high is now 30 3 Its most recent high was 3 weeks ago today TBThursday Fast Furious stocks""}",,,,,
"{""_id"":{""$oid"":""5e6fa6e9431e5594c6ff48f8""}","original_text:""@WayneDupreeShow @WhitenackGail With @CNN @MSNBC @FoxNews @ChrisCuomo @donlemon it‚Äôs ALL ABOUT #COVID19 or #HATE of @POTUS !\nWhen this virus is all said &amp; done"," these suckers are going to sink to lows they‚Äôve NEVER seen before!""","label:""angry""","process_text:""With it is ALL ABOUT COVID19 or HATE of When this virus is all said amp done these suckers are going to sink to lows they have NEVER seen before""}",,,,,
"{""_id"":{""$oid"":""5e6fa6ec431e5594c6ff48f9""}","original_text:""Last chance to book your place at our #NBAD event tomorrow! Hear about safe actions you can take to support victims of #hate"," talks from local speakers AND poetry from Nottingham writers! \n\nTo book: https://t.co/eWoQegZw9Z https://t.co/Rc7E3Sfikg""","label:""angry""","process_text:""Last chance to book your place at our NBAD event tomorrow Hear about safe actions you can take to support victims of hate talks from local speakers AND poetry from Nottingham writers To book""}",,,,,
"{""_id"":{""$oid"":""5e6fa6f0431e5594c6ff48fa""}","original_text:""Feel like the world‚Äôs gone crazy? This #plymouth #fury #wagon on #forgeline #CR3 ain‚Äôt gonna help! https://t.co/I2Aqj1mSBh https://t.co/6J3X2cTGgS""","label:""angry""","process_text:""Feel like the world is gone crazy This plymouth fury wagon on forgeline CR3 ai not gonna help""}",,,,,,
"{""_id"":{""$oid"":""5e6fa6f3431e5594c6ff48fb""}","original_text:""LIVE WBSS FINAL PRESS CONFERENCE! Regis Prograis vs Josh Taylor ‚Ä?2020 MMA https://t.co/0HfYB9TERI #boxing #wilder #stream #fury https://t.co/0FC2whHQcj""","label:""angry""","process_text:""LIVE WBSS FINAL PRESS CONFERENCE Regis Prograis vs Josh Taylor 2020 MMA boxing wilder stream fury""}",,,,,,
"{""_id"":{""$oid"":""5e6fa6f7431e5594c6ff48fc""}","original_text:""@MaryJoe38642126 @RepHorsford @HouseAgDems @HouseForeign The most shameful #betrayal to #mansbestfriend"," a sickening crime against any living being I am #horrified and full of disbelief in a world that allows such #atrocities to continue I am #furious at our world leaders who could stop this but choose not to The shame is yours https://t.co/ZPpCOqkAgl""","label:""angry""","process_text:""The most shameful betrayal to mansbestfriend a sickening crime against any living being I am horrified and full of disbelief in a world that allows such atrocities to continue I am furious at our world leaders who could stop this but choose not to The shame is yours""}",,,,,
"{""_id"":{""$oid"":""5e6fa6fa431e5594c6ff48fd""}","original_text:""@LindseyGrahamSC #ANGRY\n\n I'm so angry with you republicans who repeat everything that Donald Trump says when you know he is wrong!\n\nThousands of his supporters believed him when he said it was flu and was going away!\n\nHE RISKED AMERICAN LIVES!""","label:""angry""",process_text:null},,,,,,
"{""_id"":{""$oid"":""5e6fa701431e5594c6ff48fe""}","original_text:""Today I am ashamed to say I am Dutch. 900 young 'talents' from #Vindicat (Dutch student association) went skiing in confirmed #Corona virus Italian area. We are amongst the richest countries in the world"," but not the smartest. Close our borders before they come home! #angry""","label:""angry""","process_text:""Today I am ashamed to say I am Dutch 900 young talents from Vindicat Dutch student association went skiing in confirmed Corona virus Italian area We are amongst the richest countries in the world but not the smartest Close our borders before they come home angry""}",,,,,
"{""_id"":{""$oid"":""5e6fa708431e5594c6ff48ff""}","original_text:""#Heart is a very good #fertilizer; anything we plant like #love", #hate, #fear, #hope," #revenge and #jealousy surely will grow and bear #fruits. We have to decide what to #harvest.""","label:""angry""",process_text:null},,
"{""_id"":{""$oid"":""5e6fa70c431e5594c6ff4900""}","original_text:""@syptweet @MotospeedValet Support this UK gov petition:\n'Create a Freedom of Speech Act and Bring an End to \""Hate Speech\"" laws':\nhttps://t.co/ILyIqaJU7L\n\n#FreedomOfSpeech #UKPolitics #Liberty #HateSpeech #FreedomOfSpeechAct #Parliament #Petition #Hate #Debate #Freedom #HumanRights #LegalRights #FreeSpeech""","label:""angry""","process_text:""Support this UK gov petition Create a Freedom of Speech Act and Bring an End to Hate Speech laws FreedomOfSpeech UKPolitics Liberty HateSpeech FreedomOfSpeechAct Parliament Petition Hate Debate Freedom HumanRights LegalRights FreeSpeech""}",,,,,,
"{""_id"":{""$oid"":""5e6fa715431e5594c6ff4901""}","original_text:""@MaryJoe38642126 @RepTomSuozzi @HouseAgDems @HouseForeign The most shameful #betrayal to #mansbestfriend"," a sickening crime against any living being I am #horrified and full of disbelief in a world that allows such #atrocities to continue I am #furious at our world leaders who could stop this but choose not to The shame is yours https://t.co/o9KM1q0Rp5""","label:""angry""","process_text:""The most shameful betrayal to mansbestfriend a sickening crime against any living being I am horrified and full of disbelief in a world that allows such atrocities to continue I am furious at our world leaders who could stop this but choose not to The shame is yours""}",,,,,
"{""_id"":{""$oid"":""5e6fa719431e5594c6ff4902""}","original_text:""History", is a book one must read and read again, in context of the present.\n\nMuslims," not just Islam IS an oppressive tribe that does not know its own history.\n\n#pagan #slavery #rape #war #theft #murder #autocratic #violent #misogynist #evil #Hate""","label:""angry""",process_text:null},,,
"{""_id"":{""$oid"":""5e6fa71e431e5594c6ff4903""}","original_text:""@Grouci6Djamila @RepHoulahan The most #shameful #betrayal to #mansbestfriend"," a #sickening #crime against any living being I am #horrified and full of #disbelief in a world that allows such #atrocities to continue I am #furious at our world leaders who could stop this but choose not to The shame is yours https://t.co/rxIqLHdvaW""","label:""angry""","process_text:""The most shameful betrayal to mansbestfriend a sickening crime against any living being I am horrified and full of disbelief in a world that allows such atrocities to continue I am furious at our world leaders who could stop this but choose not to The shame is yours""}",,,,,
"{""_id"":{""$oid"":""5e6fa723431e5594c6ff4904""}","original_text:""Amazing morning of #wheelchair #Ceili #ChairCeili @EnableIreland #Limerick - #thankyou for the #experience &amp; see you all again soon! #Munster #Academy of #Dance #MAD @LACELimerick""","label:""angry""","process_text:""Amazing morning of wheelchair Ceili ChairCeili Limerick thankyou for the experience amp see you all again soon Munster Academy of Dance MAD""}",,,,,,
"{""_id"":{""$oid"":""5e6fa728431e5594c6ff4905""}","original_text:""I am quick to Hate. I don't like feeling insincere. This is funny. Sounds like I am saying I like to use strong words. I am starting to understand why I am misunderstood outloud. Good thing I am writing this. Thabks for understanding! #advice #art #sincere #funny #hate""","label:""angry""","process_text:""I am quick to Hate I don t like feeling insincere This is funny Sounds like I am saying I like to use strong words I am starting to understand why I am misunderstood outloud Good thing I am writing this Thabks for understanding advice art sincere funny hate""}",,,,,,
"{""_id"":{""$oid"":""5e6fa733431e5594c6ff4906""}","original_text:""My concentration was Iron think he could distract me pffft\n\n@theyoungslug1\n@SGH_RTs \n#SP123456\n#SmallStreamerCommunity \n@SmallStreamersR \n@FearRTs \n #letsplay\n#NintendoSwitch \n#Bottledit \n#Angry\n#SmashBrosUltimate \n#CatsOfTwitter \n@BlazedRTs \n#saboteur\n#twitch \n#twitchclips https://t.co/b8kEpyXbpx""","label:""angry""","process_text:""My concentration was Iron think he could distract me pfft RTs SP123456 SmallStreamerCommunity letsplay NintendoSwitch Bottledit Angry SmashBrosUltimate CatsOfTwitter saboteur twitch twitchclips""}",,,,,,
"{""_id"":{""$oid"":""5e6fa738431e5594c6ff4907""}","original_text:""@mileydressup @sidharth_shukla @TheRashamiDesai From the beginning of #DSDT  Sidharth smiles whenever Rashami is #close to him same in BB. happened  and when  #Rashami #distanced herself #Sidharth was #stressed and #angry.\n#SidRa""","label:""angry""","process_text:""shukla From the beginning of DSDT Sidharth smiles whenever Rashami is close to him same in BB happened and when Rashami distanced herself Sidharth was stressed and angry SidRa""}",,,,,,
"{""_id"":{""$oid"":""5e6fa73d431e5594c6ff4908""}","original_text:""Gaullin - Moonlight (Slowed by Hunx)\n\nhttps://t.co/EbsoCINErV\n\n#TrapMusic #BassMusic #Mad #trapbeats #Bass #DJ\n#EDM #Music #musicBit #Soundtrack #follobackforfolloback #follotrick #RT„Åó„Åünr„Åï„Çì„ÅßÊ∞ó„Å´„Å™„Å£„Åü‰∫∫„ÅäËøé„Åà #„ÅÑ„ÅÑ„Å≠„Åó„Åü‰∫∫ÂÖ®Âì°„Éï„Ç©„É≠„Éº #f4f #RT„Åó„Åü‰∫∫ÂÖ®Âì°„Éï„Ç©„É≠„Éº„Åô„Ç?","label:""angry""","process_text:""Gaullin Moonlight Slowed by Hunx TrapMusic BassMusic Mad trapbeats Bass DJ EDM Music musicBit Soundtrack follobackforfolloback follotrick RTnr f4f RT""}",,,,,,
"{""_id"":{""$oid"":""5e6fa743431e5594c6ff4909""}","original_text:""Campbell Newman", former QLD Premier responsible for 1800 nurses and midwives being sacked," talks about the importance of listening to frontline staff...\n\n#fuckoff https://t.co/v8DSPsULa4""","label:""angry""","process_text:""Campbell Newman former QLD Premier responsible for 1800 nurses and midwives being sacked talks about the importance of listening to frontline staff fuckoff""}",,,,
"{""_id"":{""$oid"":""5e6fa748431e5594c6ff490a""}","original_text:""@WearYourVoice @SherrondaJBrown Pseudo knowledge to provide the appearance of knowledge in a fact-less ideology.\n\nDiscrimination is discrimination"," and hate is hate regardless of gender or race.\n\n#Hate #Discrimination #Sexism""","label:""angry""",process_text:null},,,,,
"{""_id"":{""$oid"":""5e6fa74e431e5594c6ff490b""}","original_text:""Ryan Garcia‚Ä?McGregor will do better vs Pacquiao than Mayweather‚Ä?wants all the smoke ! ‚Ä?2020 MMA https://t.co/LBG4lJFJpJ #boxing #fury #boxingnews #wilder https://t.co/DM77mVzrij""","label:""angry""","process_text:""Ryan Garcia McGregor will do better vs Pacquiao than Mayweather wants all the smoke 2020 MMA boxing fury boxingnews wilder""}",,,,,,
"{""_id"":{""$oid"":""5e6fa754431e5594c6ff490c""}","original_text:""@CymbusN @bevdevwarrior @USATODAY The blame for this falls directly upon the backs of the #rightwing #FakeChristian #Hate mongering pastors preaching #Lastdays #armagedon .  Ah but we cannot leave out all of the #rightwing #seditious #FakePatriots also excited"," hoping to start looting and murdering.""","label:""angry""","process_text:""The blame for this falls directly upon the backs of the rightwing FakeChristian Hate mongering pastors preaching Lastdays armagedon Ah but we cannot leave out all of the rightwing seditious FakePatriots also excited hoping to start looting and murdering""}",,,,,
"{""_id"":{""$oid"":""5e6fa759431e5594c6ff490d""}","original_text:""Anyone who thinks that the Democrats are still a legitimate political party is either intentionally ignorant or they have their head stuck up their ass.\n\nDemocrats are the party of\n#Pedophilia\n#Corruption\n#Taxes\n#Hate\n#Communism""","label:""angry""",process_text:null},,,,,,
"{""_id"":{""$oid"":""5e6fa75f431e5594c6ff490e""}","original_text:""Belphegor", Suffocation, Hate\nThursday, March 12, 2020\nCasino d'Orbe, Orbe," Switzerland\n17:15 - 17:45 : Necrosy\n18:00 - 18:30 : Grimaze\n18:40 - 19:20 : HATE\n19:40 - 20:40 : Belphegor\n21:00 - 22:00 : Suffocation\n#Necrosy #Grimaze #HATE #Belphegor #Suffocation https://t.co/oCxUsKorj3""","label:""angry""","process_text:""Belphegor Suffocation Hate Thursday March 12 2020 Casino d Orbe Orbe Switzerland 17 15 17 45 Necrosy 18 00 18 30 Grimaze 18 40 19 20 HATE 19 40 20 40 Belphegor 21 00 22 00 Suffocation Necrosy Grimaze HATE Belphegor Suffocation""}"
"{""_id"":{""$oid"":""5e6fa764431e5594c6ff490f""}","original_text:""@MaxColin11 @MsCCookieVargas @brianmacian @bobbybetke @Sharkit @mlkspr @MoreWhit @sdward1 @Ghost_of_Sporta This is how neighbors grow to #Hate each other.\nThis is how #SectarianViolence starts.\nThis is how #CivilWars start.\n\nOh - yes - it can happen here in America where YOUR FRIEND YESTERDAY"," IS TODAY identified BY YOU as the perpetrator of a plan to end the world - and so YOU SHALL.""","label:""angry""","process_text:""of Sporta This is how neighbors grow to Hate each other This is how SectarianViolence starts This is how CivilWars start Oh yes it can happen here in America where YOUR FRIEND YESTERDAY IS TODAY identified BY YOU as the perpetrator of a plan to end the world and so YOU SHALL""}",,,,,
"{""_id"":{""$oid"":""5e6fa76a431e5594c6ff4910""}","original_text:""March 20th @penmaenvillagehall 5-7.30 ", Iron Age village on Gower  what do YOU think?   Would you like practical workshops in an authentic historical context," A men‚Äôs shed on Gower? @GowerUnearthed . #community #gowerunearthed #Mad #robstewart #toniaantoniazi #historymatters""","label:""angry""","process_text:""March 20th 5 7 30 Iron Age village on Gower what do YOU think Would you like practical workshops in an authentic historical context A men is shed on Gower community gowerunearthed Mad robstewart toniaantoniazi historymatters""}",,,,
"{""_id"":{""$oid"":""5e6fa770431e5594c6ff4911""}","original_text:""We are live on @WatchMixer! Hottest Blaypoy model 100% @bstategames\n\nhttps://t.co/9uLT4Enz0P\n\n#follow #supportsmallstreamers #positivevibes #gamers #live #livestream #stream #twitter #instagram #escapefromtarkov #love #hate #dontgiveup""","label:""angry""","process_text:""We are live on Hottest Blaypoy model 100 follow supportsmallstreamers positivevibes gamers live livestream stream twitter instagram escapefromtarkov love hate dontgiveup""}",,,,,,
"{""_id"":{""$oid"":""5e6fa777431e5594c6ff4912""}","original_text:""#Weinstein's walker is for sale.  To avoid any cooties or other sexual diseases it is recommended to power wash it when you receive it.  #Liberals #Democrats #KKK #Antifa #BillClinton #hate #Violence #socialism #Antisemitism https://t.co/dzo32Xr6aQ""","label:""angry""","process_text:""Weinstein s walker is for sale To avoid any cooties or other sexual diseases it is recommended to power wash it when you receive it Liberals Democrats KK Antifa BillClinton hate Violence socialism Antisemitism""}",,,,,,
"{""_id"":{""$oid"":""5e6fa77d431e5594c6ff4913""}","original_text:""SCREAM!!!!!!!!!!!!! Curse to EVERYONE who doesn't use Google docs. F*%K!!!!!!!!!!!!!!!! I lost an entire day's edits bc I didn't hit save (which you DONT have to do in google docs). This is like working on a typewriter. #ANGRY""","label:""angry""","process_text:""SCREAM Curse to EVERYONE who doesn t use Google docs F K I lost an entire day s edits bc I didn t hit save which you DONT have to do in google docs This is like working on a typewriter ANGRY""}",,,,,,
"{""_id"":{""$oid"":""5e6fa783431e5594c6ff4914""}","original_text:""The #angermanagement course is still not quite working...\nhttps://t.co/3ORqy1ZqxF \n\n#temper #shortfuse #trouble #TheBruvs #comedy #cartoons https://t.co/BNKS5EODr6""","label:""angry""","process_text:""The angermanagement course is still not quite working temper shortfuse trouble TheBruvs comedy cartoons""}",,,,,,
"{""_id"":{""$oid"":""5e6fa789431e5594c6ff4915""}","original_text:""The controversy erupted after the Centre issued Justice Muralidhar‚Äôs transfer notification on Feb 26 ‚Ä?the day a Bench headed by him pulled up the Delhi police for failing to register FIRs against three BJP leaders for their alleged #hate speeches https://t.co/VH5124S71m""","label:""angry""","process_text:""The controversy erupted after the Centre issued Justice Muralidhar is transfer notification on Feb 26 the day a Bench headed by him pulled up the Delhi police for failing to register FIRs against three BJP leaders for their alleged hate speeches""}",,,,,,
"{""_id"":{""$oid"":""5e6fa78f431e5594c6ff4916""}","original_text:""56 | Hate\n\n#poetry #poem #poet #poetrycommunity #poetsofinstagram #writersofinstagram  #writer #wordporn #love #peace #hate https://t.co/GJ2qmFv9UM""","label:""angry""","process_text:""56 Hate poetry poem poet poetrycommunity poetsofinstagram writersofinstagram writer wordporn love peace hate""}",,,,,,
"{""_id"":{""$oid"":""5e6fa795431e5594c6ff4917""}","original_text:""Coming To A Woolworths Near You üßª\n#twitter #Australia #followforfollow #retweet #comedy #funny #StupidPeople #stupidshit #Entertainment #people #angry #Fights #fight #Woolworths #CoronavirusOutbreak #coronavirusaustralia @FameRTR https://t.co/F0qep2eQP7""","label:""angry""","process_text:""Coming To A Woolworths Near You twitter Australia followforfollow retweet comedy funny StupidPeople stupidshit Entertainment people angry Fights fight Woolworths CoronavirusOutbreak coronavirusaustralia""}",,,,,,
"{""_id"":{""$oid"":""5e6fa7a2431e5594c6ff4918""}","original_text:""In coming WEEKS??? Also", what happens with people with other health conditions? Also, what happens with people who are over 70 and live with their families who are still going to school/work? ALSO," it's fucking cruel. #angry https://t.co/XemHpQdS6M""","label:""angry""",process_text:null},,,
"{""_id"":{""$oid"":""5e6fa7a9431e5594c6ff4919""}","original_text:""Communities Inc do a hugh amount of work around hate crime"," if you want to find out more - why not go along to this event. #hatecrime #training #knowledge https://t.co/Q7rz2yJFcj""","label:""angry""","process_text:""Communities Inc do a hugh amount of work around hate crime if you want to find out more why not go along to this event hatecrime training knowledge""}",,,,,
"{""_id"":{""$oid"":""5e6fa7b1431e5594c6ff491a""}","original_text:""#SpreadTheWord\nTo all those wicked cynics who claimed it couldn't be that a #Syrian girl would draw the Israeli flag", what do you have to say now? Keep spreading #ignorance and #Hate," I'll keep telling the #truth!\n#savethechildren\n#NoBorders\nOperation #GoodNeighbor https://t.co/2nhb8t9PV4""","label:""angry""","process_text:""SpreadTheWord To all those wicked cynics who claimed it couldn t be that a Syrian girl would draw the Israeli flag what do you have to say now Keep spreading ignorance and Hate I ll keep telling the truth savethechildren NoBorders Operation GoodNeighbor""}",,,,
"{""_id"":{""$oid"":""5e6fa7b9431e5594c6ff491b""}","original_text:""Powerful documentary by @BBCtrending @mariannaspring on #Facebook abuse #HateSpeech 'What Happened When a Troll Met his Target'\nhttps://t.co/vJde8blTyX\nThe target was me. We talk with humility"," honesty and beyond #Hate .  His name was Alan and very brave of him to take part https://t.co/kFyZ9x1xot""","label:""angry""","process_text:""Powerful documentary by on Facebook abuse HateSpeech What Happened When a Troll Met his Target The target was me We talk with humility honesty and beyond Hate His name was Alan and very brave of him to take part""}",,,,,
"{""_id"":{""$oid"":""5e6fa7d0431e5594c6ff491c""}","original_text:""@Grouci6Djamila @RepJasonCrow The most #shameful #betrayal to #mansbestfriend"," a #sickening #crime against any living being I am #horrified and full of #disbelief in a world that allows such #atrocities to continue I am #furious at our world leaders who could stop this but choose not to The shame is yours https://t.co/jyeZFgyeD4""","label:""angry""","process_text:""The most shameful betrayal to mansbestfriend a sickening crime against any living being I am horrified and full of disbelief in a world that allows such atrocities to continue I am furious at our world leaders who could stop this but choose not to The shame is yours""}",,,,,
"{""_id"":{""$oid"":""5e6fa7d8431e5594c6ff491d""}","original_text:""Today I saw a whole neighborhood in Italy singing #Roar by #KatyPerry. \n\nI saw a bunch of #doctors and #nurses in Iran dancing to boost morale amongst patients. \n\nI saw my colleagues @fccps delivering lunches to those in need. \n\nI feel better now. \n\nThank you world üåé.""","label:""angry""","process_text:""Today I saw a whole neighborhood in Italy singing Roar by KatyPerry I saw a bunch of doctors and nurses in Iran dancing to boost morale amongst patients I saw my colleagues delivering lunches to those in need I feel better now Thank you world""}",,,,,,
"{""_id"":{""$oid"":""5e6fa7e0431e5594c6ff491e""}","original_text:""#TrevorPhillips sure looked like he was happy 'marching' with #TommyRobinson and his #EDL #Pegida followers..He might say this was research - Others may suspect it was platforming #StephenYaxleyLennon and his #hate https://t.co/kW5O6FKAaR""","label:""angry""","process_text:""TrevorPhillips sure looked like he was happy marching with TommyRobinson and his EDL Pegida followers He might say this was research Others may suspect it was platforming StephenYaxleyLennon and his hate""}",,,,,,
"{""_id"":{""$oid"":""5e6fa7e8431e5594c6ff491f""}","original_text:""What is happening in our world today? Feeling a weird vibe? More anxious", depressed," or angry? Is it harder to shake than ever before? Is it new? Your sixth sense activated? Think its spiritual? Lets share\n#depression\n#angry\n#anxiety\n#sixthsense\n#paranormal\n#spiritualawakening""","label:""angry""","process_text:""What is happening in our world today Feeling a weird vibe More anxious depressed or angry Is it harder to shake than ever before Is it new Your sixth sense activated Think its spiritual Lets share depression angry anxiety sixthsense paranormal spiritualawakening""}",,,,
"{""_id"":{""$oid"":""5e6fa7ee431e5594c6ff4920""}","original_text:""Argentinean soccer team @nuevachicago issues apology &amp; vows to discipline a player after he makes #antisemitic gestures against @atlantaoficial"," a predominantly Jewish team. Discipline measures must be strong &amp; immediate as #hate mustn't exist in sports. https://t.co/YNB2z4AJmP""","label:""angry""","process_text:""Argentinean soccer team issues apology amp vows to discipline a player after he makes antisemitic gestures against a predominantly Jewish team Discipline measures must be strong amp immediate as hate mustn t exist in sports""}",,,,,
"{""_id"":{""$oid"":""5e6fa7f6431e5594c6ff4921""}","original_text:""We are live on @WatchMixer! Wont reply @bstategames\n\nhttps://t.co/9uLT4Enz0P\n\n#follow #supportsmallstreamers #positivevibes #gamers #live #livestream #stream #twitter #instagram #escapefromtarkov #love #hate #dontgiveup""","label:""angry""","process_text:""We are live on Wont reply follow supportsmallstreamers positivevibes gamers live livestream stream twitter instagram escapefromtarkov love hate dontgiveup""}",,,,,,
"{""_id"":{""$oid"":""5e6fa7fe431e5594c6ff4922""}","original_text:""I‚Äôm getting a little tired of the press and government stating that the latest fatality is over 60 with underlying health issues - as if our #senior #citizens or the #vulnerable don‚Äôt count! #Fuckoff #coronavirus""","label:""angry""","process_text:""I am getting a little tired of the press and government stating that the latest fatality is over 60 with underlying health issues as if our senior citizens or the vulnerable do not count Fuckoff coronavirus""}",,,,,,
"{""_id"":{""$oid"":""5e6fa805431e5594c6ff4923""}","original_text:""\""It's so important that we begin to understand how to communicate across lines of disagreement\"". Great advice in this interview of @IrshadManji. https://t.co/875ROgeYLd""","label:""angry""",process_text:null},,,,,,
"{""_id"":{""$oid"":""5e6fa81d431e5594c6ff4924""}","original_text:""@BeckySaysGoBama @MrMichaelBurkes #TDS has clouded your mind. Perhaps you should see the good that has occurred &amp; the love of this great country HE promotes. All you do is #HATE. you say HE lies because your can‚Äôt see the #truth. You probably believed @HillaryClinton when she told her #Benghazi tale!  FU #Idiot""","label:""angry""","process_text:""TDS has clouded your mind Perhaps you should see the good that has occurred amp the love of this great country HE promotes All you do is HATE you say HE lies because your can not see the truth You probably believed when she told her Benghazi tale FU Idiot""}",,,,,,
"{""_id"":{""$oid"":""5e6fa825431e5594c6ff4925""}","original_text:""Fantastic inspirational day @Nat_Mem_Arb ‚ÄòMaking A Difference with @PeriodPower2 @StaffsFire @SaferCic #MaD #SeeingRedGoingGreen #TurningTheTide https://t.co/luGj4BexRP""","label:""angry""","process_text:""Fantastic inspirational day Mem Arb Making A Difference with MaD SeeingRedGoingGreen TurningTheTide""}",,,,,,
"{""_id"":{""$oid"":""5e6fa833431e5594c6ff4926""}","original_text:""@Grouci6Djamila @RepJoshHarder The most #shameful #betrayal to #mansbestfriend"," a #sickening #crime against any living being I am #horrified and full of #disbelief in a world that allows such #atrocities to continue I am #furious at our world leaders who could stop this but choose not to The shame is yours https://t.co/6dPDf2DYav""","label:""angry""","process_text:""The most shameful betrayal to mansbestfriend a sickening crime against any living being I am horrified and full of disbelief in a world that allows such atrocities to continue I am furious at our world leaders who could stop this but choose not to The shame is yours""}",,,,,
"{""_id"":{""$oid"":""5e6fa83b431e5594c6ff4927""}","original_text:"".@beatsbysarz and @thisisWurlD are No.69 on @audiomack top songs with #Mad and has over 1.80M+ streams...\nhttps://t.co/zZ8yO0Y0ml https://t.co/e7Q78l2KBS""","label:""angry""","process_text:""and are No 69 on top songs with Mad and has over 1 80M streams""}",,,,,,
"{""_id"":{""$oid"":""5e6fa844431e5594c6ff4928""}","original_text:""@MaajidNawaz @RmSalih He will continue sharing #hate ", #lies and #ignorance, while we will do our best to help people!\nJust wondering how many lives of Muslims he had saved (I ,"as an IDF officer saved thousands of #Syrian civilians when I served as the commander of the #GoodNeighbor project""","label:""angry""","process_text:""He will continue sharing hate lies and ignorance while we will do our best to help people Just wondering how many lives of Muslims he had saved I as an IDF officer saved thousands of Syrian civilians when I served as the commander of the GoodNeighbor project""}",,,
"{""_id"":{""$oid"":""5e6fa84d431e5594c6ff4929""}","original_text:""#LGBTQ #hate #BlacksForTrump #homophobia #TrumpCrash #Trumpdemic #TrumpRecession #bigotry #lies  Black Trump supporter begins Congressional run by accusing gay men of being violent pedophiles https://t.co/BGgmT6evpR https://t.co/WBGqju2E8j""","label:""angry""","process_text:""LGBTQ hate BlacksForTrump homophobia TrumpCrash Trumpdemic TrumpRecession bigotry lies Black Trump supporter begins Congressional run by accusing gay men of being violent pedophiles""}",,,,,,
"{""_id"":{""$oid"":""5e6fa861431e5594c6ff492a""}","original_text:""@EevaPaavilainen @UN @WHO @DrTedros The most #shameful #betrayal to #mansbestfriend"," a #sickening #crime against any living being I am #horrified and full of #disbelief in a world that allows such #atrocities to continue I am #furious at our world leaders who could stop this but choose not to The shame is yours https://t.co/pUaTdsPHsv""","label:""angry""","process_text:""The most shameful betrayal to mansbestfriend a sickening crime against any living being I am horrified and full of disbelief in a world that allows such atrocities to continue I am furious at our world leaders who could stop this but choose not to The shame is yours""}",,,,,
"{""_id"":{""$oid"":""5e6fa876431e5594c6ff492b""}","original_text:""Only 2 left ‚Äî¬?Embracing Your Wholeness by Verdaccio Donatello  - Edition 1 of 10 available now ETH 0.0555 ($7.39) @knownOrigin_io #art #digital #vibrant #smooth #psychedelic our #smile #happy #angry #abstract #face #faces #philosopher #rainbow https://t.co/gzAEG982GD https://t.co/eYul9wRm7a""","label:""angry""","process_text:""Only 2 left Embracing Your Wholeness by Verdaccio Donatello Edition 1 of 10 available now ETH 0 055 7 39 io art digital vibrant smooth psychedelic our smile happy angry abstract face faces philosopher rainbow""}",,,,,,
"{""_id"":{""$oid"":""5e6fa881431e5594c6ff492c""}","original_text:""@MaryJoe38642126 @BradSherman @HouseAgDems @HouseForeign The most shameful #betrayal to #mansbestfriend"," a sickening crime against any living being I am #horrified and full of disbelief in a world that allows such #atrocities to continue I am #furious at our world leaders who could stop this but choose not to The shame is yours https://t.co/96akJ73BYS""","label:""angry""","process_text:""The most shameful betrayal to mansbestfriend a sickening crime against any living being I am horrified and full of disbelief in a world that allows such atrocities to continue I am furious at our world leaders who could stop this but choose not to The shame is yours""}",,,,,
"{""_id"":{""$oid"":""5e6fa8ab431e5594c6ff492e""}","original_text:""I swear by all that is good and holy", these selfish MF's from Minneapolis coming up here to their weekend homes and now staying..we have ONE tiny grocery store, 30 miles to Walmart.36 hospital beds," and they are up HERE to ride it out and bring the virus with them. #FURIOUS!""","label:""angry""",process_text:null},,,
"{""_id"":{""$oid"":""5e6fa8b5431e5594c6ff492f""}","original_text:""#Angry about #transphobia today? Here are some things you can do with that #rage.\n\n#Women #Transgender #LGBTQIA #Hate #Bigotry #Discrimination #Transphobia #Terfs #TerfFails https://t.co/oMQcp6pp70""","label:""angry""","process_text:""Angry about transphobia today Here are some things you can do with that rage Women Transgender LGBTQIA Hate Bigotry Discrimination Transphobia Terfs TerfFails""}",,,,,,
"{""_id"":{""$oid"":""5e6fa8be431e5594c6ff4930""}","original_text:""@Grouci6Djamila @RepGilCisneros The most #shameful #betrayal to #mansbestfriend"," a #sickening #crime against any living being I am #horrified and full of #disbelief in a world that allows such #atrocities to continue I am #furious at our world leaders who could stop this but choose not to The shame is yours https://t.co/HdX3HgngUe""","label:""angry""","process_text:""The most shameful betrayal to mansbestfriend a sickening crime against any living being I am horrified and full of disbelief in a world that allows such atrocities to continue I am furious at our world leaders who could stop this but choose not to The shame is yours""}",,,,,
"{""_id"":{""$oid"":""5e6fa8c9431e5594c6ff4931""}","original_text:""@MayneMarker Amazing what they'll dream up in the name of #hate. They've lost at nearly everything else. Maybe there will be another #heavensgate... so sad.""","label:""angry""","process_text:""Amazing what they ll dream up in the name of hate They ve lost at nearly everything else Maybe there will be another heavensgate so sad""}",,,,,,
"{""_id"":{""$oid"":""5e6fa8d5431e5594c6ff4932""}","original_text:""What an absurd article! After the Liberals have shown zero leadership &amp; zero spine! #FuckOff \n\nAre you a good Canadian? Justin Trudeau offers the coronavirus as a lesson in responsible citizenship | The Star https://t.co/3IlvfX2U3x""","label:""angry""","process_text:""What an absurd article After the Liberals have shown zero leadership amp zero spine FuckOff Are you a good Canadian Justin Trudeau offers the coronavirus as a lesson in responsible citizenship The Star""}",,,,,,
"{""_id"":{""$oid"":""5e6fa920431e5594c6ff4936""}","original_text:""@MaryJoe38642126 @RepEscobar @HouseAgDems @HouseForeign The most shameful #betrayal to #mansbestfriend"," a sickening crime against any living being I am #horrified and full of disbelief in a world that allows such #atrocities to continue I am #furious at our world leaders who could stop this but choose not to The shame is yours https://t.co/eClLu41vF9""","label:""angry""","process_text:""The most shameful betrayal to mansbestfriend a sickening crime against any living being I am horrified and full of disbelief in a world that allows such atrocities to continue I am furious at our world leaders who could stop this but choose not to The shame is yours""}",,,,,
"{""_id"":{""$oid"":""5e6fa92b431e5594c6ff4937""}","original_text:""Sacred spaces should be safe spaces. \n@CCMW honours #VictimsofTerrorism  #racism #hate &amp; #Islamophobia. Take Action. #DARETOBEAWARE #DELETERACISM #Christchurch #MosqueAttack #WeRemember @FaisalHassanNDP @globeandmail @ShreeParadkar @nkeung @AEMSyr @AndreaHorwath @theJagmeetSingh https://t.co/AVLBbviblk""","label:""angry""","process_text:""Sacred spaces should be safe spaces honours VictimsofTerrorism racism hate amp Islamophobia Take Action DARETOBEAWARE DELETERACISM Christchurch MosqueAttack WeRemember""}",,,,,,
"{""_id"":{""$oid"":""5e6fa937431e5594c6ff4938""}","original_text:""Legit same exact thing with me! @NordicTrack sent incorrect parts twice and still no working bike...it‚Äôs been months! Seems they could care less to help me &amp; I‚Äôm so nervous that this will never get resolved &amp; I‚Äôm out thousands. So stressed I want to cry! üò≠ Just wanted to get fit""","label:""angry""",process_text:null},,,,,,
"{""_id"":{""$oid"":""5e6fa950431e5594c6ff4939""}","original_text:""@neil_finnweevil Here's my wee pal to cheer you up...Get well soon and remember you are not alone....Chin up lassie!!! Always remember folks... #Community counts.. Spread #Love not #hate like the Tories are doing. https://t.co/4ggH8nowMA""","label:""angry""","process_text:""finnweevil Here s my wee pal to cheer you up Get well soon and remember you are not alone Chin up lassie Always remember folks Community counts Spread Love not hate like the Tories are doing""}",,,,,,
"{""_id"":{""$oid"":""5e6fa969431e5594c6ff493b""}","original_text:""I still cannot believe that #bathhalfmarathon is still taking place- they cancel the London marathon but this one is continuing #Madness Ppl coming from all over and mixing together. #Furious""","label:""angry""","process_text:""I still cannot believe that bathhalfmarathon is still taking place they cancel the London marathon but this one is continuing Madness Ppl coming from all over and mixing together Furious""}",,,,,,
"{""_id"":{""$oid"":""5e6fa974431e5594c6ff493c""}","original_text:""Is your #God #kind or #vengeful? #Loving or #angry? #Welcoming or #judgmental? It makes a huge difference on you", your view of the world," and your health. https://t.co/LrVeJRX81e""","label:""angry""",process_text:null},,,,
"{""_id"":{""$oid"":""5e6fa999431e5594c6ff493e""}","original_text:""@MaryJoe38642126 @sharicedavids @HouseAgDems @HouseForeign The most shameful #betrayal to #mansbestfriend"," a sickening crime against any living being I am #horrified and full of disbelief in a world that allows such #atrocities to continue I am #furious at our world leaders who could stop this but choose not to The shame is yours https://t.co/BKYvgm4AFe""","label:""angry""","process_text:""The most shameful betrayal to mansbestfriend a sickening crime against any living being I am horrified and full of disbelief in a world that allows such atrocities to continue I am furious at our world leaders who could stop this but choose not to The shame is yours""}",,,,,
"{""_id"":{""$oid"":""5e6fa9a6431e5594c6ff493f""}","original_text:""You know what CoronaVirus testing has been abysmal in this country? Because our Govt", aka Trump," doesn't want to know. Because that would be losing. Please let that sink in. ITs all about TRUMP. He does NOT care. It should  just be #MAD Making Americans Die.""","label:""angry""","process_text:""You know what CoronaVirus testing has been abysmal in this country Because our Govt aka Trump doesn t want to know Because that would be losing Please let that sink in ITs all about TRUMP He does NOT care It should just be MAD Making Americans Die""}",,,,
"{""_id"":{""$oid"":""5e6fa9b3431e5594c6ff4940""}","original_text:""Good Luck for you and to all of your friends who aren't ashame to take advantage of this situation", and continueing sharing #Hate and #ignorance.\nPlease, continue with this, while we are doing our best to help people - #Jewish," #Christians and #Muslim!""","label:""angry""","process_text:""Good Luck for you and to all of your friends who aren t ashame to take advantage of this situation and continueing sharing Hate and ignorance Please continue with this while we are doing our best to help people Jewish Christians and Muslim""}",,
"{""_id"":{""$oid"":""5e6fa9c0431e5594c6ff4941""}","original_text:""‚ÄúOnce a junkie"," always a junkie.‚Ä?- @lawandorder &amp; @nbc reinforcing the #Discrimination &amp; #Hate against People Who Use Drugs blaming them for the #Overdose #Deaths and not the failed drug policies which have always caused More Harm than Good. ‚ÄúNo More Drug War.‚Ä?https://t.co/nBZCVU90FY""","label:""angry""",process_text:null},,,,,
"{""_id"":{""$oid"":""5e6fa9cc431e5594c6ff4942""}","original_text:""@taki_n_thepis_s Speaking to a cousin last night and apparently Townsville has a real crime problem at the moment too. Police are being made into toothless tigers by the perpetually offended.""","label:""angry""","process_text:""n thepis s Speaking to a cousin last night and apparently Townsville has a real crime problem at the moment too Police are being made into toothless tigers by the perpetually offended""}",,,,,,
"{""_id"":{""$oid"":""5e6faa67431e5594c6ff494a""}","original_text:""@BuckSexton These reporters all but ignoring today's #CoronaVirus announcements and disrespecting the POTUS as unable or unwilling to take care of himself like any sane adult. #TDS #Hate is really an eye-opening wonder.""","label:""angry""","process_text:""These reporters all but ignoring today s CoronaVirus announcements and disrespecting the POTUS as unable or unwilling to take care of himself like any sane adult TDS Hate is really an eye opening wonder""}",,,,,,
"{""_id"":{""$oid"":""5e6faa76431e5594c6ff494b""}","original_text:""Full Tyson Fury media workout | The Gypsy King shows off speed and smashes the pads ‚Ä?2020 MMA https://t.co/rW3BeSCxP5 #boxing #boxingnews #fury #stream https://t.co/gswcqGZqYq""","label:""angry""","process_text:""Full Tyson Fury media workout The Gypsy King shows off speed and smashes the pads 2020 MMA boxing boxingnews fury stream""}",,,,,,
"{""_id"":{""$oid"":""5e6faa82431e5594c6ff494c""}","original_text:""A FREE night of interesting talks", brilliant #poetry and #fiction (from none other than @bridiesquires and @shreyasenhan), and delicious samosas," all in a convenient location!\n\nWhat more could you wish for?\n\n#poetrycommunity #writingcommmunity \n#Nottingham""","label:""angry""","process_text:""A FREE night of interesting talks brilliant poetry and fiction from none other than and and delicious samosas all in a convenient location What more could you wish for poetrycommunity writingcommunity Nottingham""}",,,
"{""_id"":{""$oid"":""5e6faa9e431e5594c6ff494d""}","original_text:""Nick Diaz Reveals Who Was Most Underrated Fighter In MMA History EsNews Boxing ‚Ä?2020 MMA https://t.co/UaHCpUr3In #boxing #wilder #fury #stream https://t.co/KpgeahFLT7""","label:""angry""","process_text:""Nick Diaz Reveals Who Was Most Underrated Fighter In MMA History EsNews Boxing 2020 MMA boxing wilder fury stream""}",,,,,,
"{""_id"":{""$oid"":""5e6faaab431e5594c6ff494e""}","original_text:""The most  common sentence  used by a quik cum  wanker"," under  60 seconds private:Open  your legs I want a long private! Girls no  #fuckoff https://t.co/55K3A4Rdpf""","label:""angry""","process_text:""The most common sentence used by a quik cum wanker under 60 seconds private Open your legs I want a long private Girls no fuckoff""}",,,,,
"{""_id"":{""$oid"":""5e6faad1431e5594c6ff494f""}","original_text:""You are more than welcome! Hannah I‚Äôve just downloaded the book on Kindle as couldn‚Äôt wait. Will continue to share the text for maximum influence towards a tipping point with @SquaringC and @SheenaBSooD - #ENOUGH #BOTS #ROAR""","label:""angry""",process_text:null},,,,,,
"{""_id"":{""$oid"":""5e6faaee431e5594c6ff4950""}","original_text:""PSA for all guys who have girlfriends with a late march birthday... they have been canceled due to COVID-19 #hate to see it https://t.co/WL7Ls4YBz9""","label:""angry""","process_text:""PSA for all guys who have girlfriends with a late march birthday they have been canceled due to COVID 19 hate to see it""}",,,,,,
"{""_id"":{""$oid"":""5e6fab54431e5594c6ff4952""}","original_text:""proud to be treasurer @PeriodPower2 lbut very angry that in the 21st century we need to have such a charity We will continue to work to eradicate period poverty+promote period dignity in the UK and beyond and we‚Äôll do our bit for the planet too #SeeingRedGoingGreen @GretaThunberg""","label:""angry""","process_text:""proud to be treasurer lbut very angry that in the 21st century we need to have such a charity We will continue to work to eradicate period poverty promote period dignity in the UK and beyond and we will do our bit for the planet too SeeingRedGoingGreen""}",,,,,,
"{""_id"":{""$oid"":""5e6fab64431e5594c6ff4953""}","original_text:""#Hate and bias cannot be allowed to find a home on college campuses. What we‚Äôre seeing at places of learning around the country is disheartening and unacceptable. Our resource can help school officials prevent and respond to #hate on campus: https://t.co/UwRjJ0VyT3""","label:""angry""",process_text:null},,,,,,
"{""_id"":{""$oid"":""5e6fab73431e5594c6ff4954""}","original_text:""Going live on #twitch playing some #cod #modernwarfare on #pc so come on in and say hey! https://t.co/ZDsUUl9i8e #gamer #gaming #rage #angry #pcgaming #videogames #fps #follow""","label:""angry""","process_text:""Going live on twitch playing some cod modernwarfare on pc so come on in and say hey gamer gaming rage angry pcgaming videogames fps follow""}",,,,,,
"{""_id"":{""$oid"":""5e6fab81431e5594c6ff4955""}","original_text:""@MaryJoe38642126 @RepSteveStivers @HouseAgDems @HouseForeign The most shameful #betrayal to #mansbestfriend"," a sickening crime against any living being I am #horrified and full of disbelief in a world that allows such #atrocities to continue I am #furious at our world leaders who could stop this but choose not to The shame is yours https://t.co/MTfJJTqM8y""","label:""angry""","process_text:""The most shameful betrayal to mansbestfriend a sickening crime against any living being I am horrified and full of disbelief in a world that allows such atrocities to continue I am furious at our world leaders who could stop this but choose not to The shame is yours""}",,,,,
"{""_id"":{""$oid"":""5e6fab91431e5594c6ff4956""}","original_text:""Tyson Fury NEW Evidence CHEATING with Ricky Hatton Help ReAdjusting his Glove vs Deontay Wilder NSC ‚Ä?2020 MMA https://t.co/WndWQynmM7 #boxing #wilder #fury #stream https://t.co/Q3vjroZsvT""","label:""angry""","process_text:""Tyson Fury NEW Evidence CHEATING with Ricky Hatton Help ReAdjusting his Glove vs Deontay Wilder NSC 2020 MMA boxing wilder fury stream""}",,,,,,
"{""_id"":{""$oid"":""5e6faba0431e5594c6ff4957""}","original_text:""It's leap year LGBTQI+ History Month"," so I'll use this extra day to say in April we'll continue the joy @disabilityarts! #NotHereForJustOneMonth\n\n#LGBTHM2020 #disabled #deaf #neurodivergent #Mad #LearningDisabled #spoonie #sick #VisualArt #books #film #music #BookBinding #theatre""","label:""angry""","process_text:""It s leap year LGBTQI History Month so I ll use this extra day to say in April we ll continue the joy NotHereForJustOneMonth LGBTHM2020 disabled deaf neurodivergent Mad LearningDisabled spoonie sick VisualArt books film music BookBinding theatre""}",,,,,
"{""_id"":{""$oid"":""5e6fabce431e5594c6ff4958""}","original_text:""Powerful documentary by @BBCtrending @mariannaspring on #Facebook abuse #HateSpeech 'What Happened When a Troll Met his Target'\nhttps://t.co/vJde8blTyX\nThe target was me. We talk with humility"," honesty and beyond #Hate .  His name was Alan and very brave of him to take part""","label:""angry""","process_text:""Powerful documentary by on Facebook abuse HateSpeech What Happened When a Troll Met his Target The target was me We talk with humility honesty and beyond Hate His name was Alan and very brave of him to take part""}",,,,,
"{""_id"":{""$oid"":""5e6fabdd431e5594c6ff4959""}","original_text:""Apparently these questions offended her in some way. Because I can't get these answers on this public", social media forum," I'll be attending her event tomorrow to ask them.""","label:""angry""",process_text:null},,,,
"{""_id"":{""$oid"":""5e6fabec431e5594c6ff495a""}","original_text:""This video by @Tyson_Fury from 2017", when he was out of shape &amp; struggling," telling @BronzeBomber that he was coming for him...\n\nAbsolutely remarkable considering. Have to respect his determination and then the realisation of his target. #WilderFury #Fury https://t.co/7XHzpfacgJ""","label:""angry""","process_text:""This video by Fury from 2017 when he was out of shape amp struggling telling that he was coming for him Absolutely remarkable considering Have to respect his determination and then the realisation of his target WilderFury Fury""}",,,,
"{""_id"":{""$oid"":""5e6fabfc431e5594c6ff495b""}","original_text:""@SamSenev @realDonaldTrump If @Twitter is banning #HateSpeech why in the hell is Linda Sarsourpuss still allowed to post #Hate on the site?\n#validquestion Jack.\nThere are more valid question‚Äôs regarding why"," what and whom are so much more equal than others!\nFire away #fellowpatriots #PatriotsUnite üíômypres""","label:""angry""","process_text:""If is banning HateSpeech why in the hell is Linda Sarsourpuss still allowed to post Hate on the site validquestion Jack There are more valid question is regarding why what and whom are so much more equal than others Fire away fellowpatriots PatriotsUnite mypres""}",,,,,
"{""_id"":{""$oid"":""5e6fac0d431e5594c6ff495c""}","original_text:""Iberia Express flight #I23835 from Las Palmas #LPA to Madrid #MAD on March 09", 2020 was late by more than 3 hours! Claim 400‚Ç?in flight delay compensation per passenger by clicking here: https://t.co/kbmiNsDivM #flightdelay, #I2delay," #I23835delay https://t.co/2XSc5pDUNb""","label:""angry""","process_text:""Iberia Express flight I23835 from Las Palmas LPA to Madrid MAD on March 09 2020 was late by more than 3 hours Claim 400 in flight delay compensation per passenger by clicking here flightdelay I2delay I23835delay""}",,,
"{""_id"":{""$oid"":""5e6fac1d431e5594c6ff495d""}","original_text:""On AMERICA‚Äôs  #NationalDayOfPrayer and ITALY‚ÄôS worst day for the #coronavirus ", \n\nI am praying for GLOBAL understanding that sealing borders with #fear and building walls of #hate won‚Äôt defeat this #pandemic. Leadership," love &amp; prayer will.""","label:""angry""","process_text:""On AMERICA is NationalDayOfPrayer and ITALY S worst day for the coronavirus I am praying for GLOBAL understanding that sealing borders with fear and building walls of hate will not defeat this pandemic Leadership love amp prayer will""}",,,,
"{""_id"":{""$oid"":""5e6fac2c431e5594c6ff495e""}","original_text:""#NewFanart\n\nUnfortunatelly that is the last picture of Videl for now","hopefully i'll do more soon!\n\n#Videl #VidelCollection #Finished #Milf #Sexy #cute #angry #workout #fanart #FICTIONAL_CHARACTER https://t.co/uiPyhyWAjo""","label:""angry""","process_text:""NewFanart Unfortunatelly that is the last picture of Videl for now hopefully i ll do more soon Videl VidelCollection Finished Milf Sexy cute angry workout fanart FICTIONAL CHARACTER""}",,,,,
"{""_id"":{""$oid"":""5e6fac3c431e5594c6ff495f""}","original_text:""The Vegan Swans are officially boycotting the game on Saturday unless @SwansOfficial announce a Vegan Pie by 5pm tomorrow. You have 24 hours left! \n\n#swans #angry #livid #protest""","label:""angry""","process_text:""The Vegan Swans are officially boycotting the game on Saturday unless announce a Vegan Pie by 5pm tomorrow You have 24 hours left swans angry livid protest""}",,,,,,
"{""_id"":{""$oid"":""5e6fac4d431e5594c6ff4960""}","original_text:""#Egypt #China #Chinese #racism #coronavirus #Hate Video of simple minded animals in Eygpt refusing and humiliating a Chinese tourist"," refusing him and making jokes about coronavirus. @XHNews @PDChina @ChinaDaily @Echinanews @EgyIndependent @DailyNewsEgypt @UKinEgypt https://t.co/MfiUPBXf3F""","label:""angry""","process_text:""Egypt China Chinese racism coronavirus Hate Video of simple minded animals in Eygpt refusing and humiliating a Chinese tourist refusing him and making jokes about coronavirus""}",,,,,
"{""_id"":{""$oid"":""5e6fac5e431e5594c6ff4961""}","original_text:""@Kurt0411Fifa Sooooo I sent this to RATstro and he decided to reply with this then blocked me. \n\nAnother rat in the bin! #fifa20 #mad #ragequit https://t.co/XQkDxE1sG8""","label:""angry""","process_text:""Soo I sent this to RATstro and he decided to reply with this then blocked me Another rat in the bin fifa20 mad ragequit""}",,,,,,
"{""_id"":{""$oid"":""5e6fac70431e5594c6ff4962""}","original_text:""@staceyabrams @JohnLewisDoc @repjohnlewis THIS IS  #INTERNATIONAL #NEWS THAT THE STATE I LIVE IN WOULD #FRAME #ME WITH #MISPRISION FOR BEING A #PASSENGER IN #KIDNAPPING #DWI THAT CAUSED #PERMANENT #DEFORMITY AND #INJURY \n\nI have had OVER 30 #SURGERIES now\nAnd HAVE NEVER HAD #REPRESENTATION\nTHIS IS A #HATE #CRIME #BATTERY https://t.co/sBks3G6IAK""","label:""angry""",process_text:null},,,,,,
"{""_id"":{""$oid"":""5e6fac80431e5594c6ff4963""}","original_text:""As #America and #Republicans @GOP we #RiseUp!!!\n\n#Democrats", #NewMedia," #Propaganda #Unethical #Journalists and #Reporters spread #lies #hate #gloom \n\n@realDonaldTrump @DonaldJTrumpJr @EricTrump @GOPLeader""","label:""angry""","process_text:""As America and Republicans we RiseUp Democrats NewMedia Propaganda Unethical Journalists and Reporters spread lies hate gloom""}",,,,
"{""_id"":{""$oid"":""5e6faca2431e5594c6ff4964""}","original_text:""@State_SCA Are you serious ! @POTUS  @VP @StateDeptPM @StateDept this Leftist communist @ndtv sympathiser of #LET #Jihadis #ISIS Islamist Separatists spread #Hate #Violence #FakeNews propaganda about #Kashmir to defame #India #IndianArmy .This comrade channel is #AntiHindu too""","label:""angry""","process_text:""SCA Are you serious this Leftist communist sympathiser of LET Jihadis ISIS Islamist Separatists spread Hate Violence FakeNews propaganda about Kashmir to defame India IndianArmy This comrade channel is AntiHindu too""}",,,,,,
"{""_id"":{""$oid"":""5e6facc4431e5594c6ff4965""}","original_text:""ppl already mad bc justin is releasing la bomba saying he's stealing latin culture lmao wtf i'm latin &amp; i'm not offended at all &amp; i can assure all latin beliebers are excited abt this can y'all just say you hate him &amp; go.. stream la bomba when it comes out https://t.co/FPYVzvtB2M""","label:""angry""","process_text:""ppl already mad bc justin is releasing la bomba saying he s stealing latin culture lmao wtf i m latin amp i m not offended at all amp i can assure all latin beliebers are excited abt this can y all just say you hate him amp go stream la bomba when it comes out""}",,,,,,
"{""_id"":{""$oid"":""5e6facd5431e5594c6ff4966""}","original_text:""42 people were murdered in the U.S. in 2019 by domestic extremists.\n\n38 were killed by right-wing extremists. \n\nIf we are to defeat this deadly #hate"," we must recognize the threat posed by violent extremism. More in our latest Murder &amp; Extremism report: https://t.co/W969MV5pWX https://t.co/VBnM5HwUTN""","label:""angry""",process_text:null},,,,,
"{""_id"":{""$oid"":""5e6face6431e5594c6ff4967""}","original_text:""@realDonaldTrump‚Äôs election win didn‚Äôt create the #lefts #intolerance and #Hate ..it revealed it. And now the democrats are irresponsible socialists", the @MSNBC  are a bunch of untrustworthy partisans," and Hollywood is a bunch of whiny trolls that don‚Äôt know when to #STFU.""","label:""angry""","process_text:""is election win did not create the lefts intolerance and Hate it revealed it And now the democrats are irresponsible socialists the are a bunch of untrustworthy partisans and Hollywood is a bunch of whiny trolls that do not know when to STFU""}",,,,
"{""_id"":{""$oid"":""5e6facf7431e5594c6ff4968""}","original_text:""#OTD 1977üí•Before the 'Pet Shop Boy's hit the music charts", Neil Tennant was Editor-in-Chief at #Marvel UK.\n\nWith the success of 'Warlord' and IPC's 'Battle Picture Weekly',"Tennant allegedly felt that Marvel UK needed a war comic to compete in this area.\n\nThe result was #FURY #1. https://t.co/N6zKwAXZmB""","label:""angry""","process_text:""OTD 1977Before the Pet Shop Boy s hit the music charts Neil Tennant was Editor in Chief at Marvel UK With the success of Warlord and IPC s Battle Picture Weekly Tennant allegedly felt that Marvel UK needed a war comic to compete in this area The result was FURY 1""}",,,,
"{""_id"":{""$oid"":""5e6fad07431e5594c6ff4969""}","original_text:""And who secured the $21 million for this mass roundup plan? ---&gt; @HumaneSociety @ASPCA @ReturnToFreedom and @BeltwayBeef Animal welfare organizations who sold out to Big Beef. More cattle on public lands"," more wild horses in cages. #FridayFeeling #angry #wildhorses #YouShouldKnow""","label:""angry""","process_text:""And who secured the 21 million for this mass roundup plan gt and Animal welfare organizations who sold out to Big Beef More cattle on public lands more wild horses in cages FridayFeeling angry wildhorses YouShouldKnow""}",,,,,
"{""_id"":{""$oid"":""5e6fad28431e5594c6ff496a""}","original_text:""Let‚Äôs sweep the House and Senate of this @GOP filth. Honestly"," there‚Äôs no other way to describe people who are so happily eroding our democracy and freedoms. Vote them out like it‚Äôs a punch in the face. #Angry #WhyArentYou #GetAngry""","label:""angry""","process_text:""Let is sweep the House and Senate of this filth Honestly there is no other way to describe people who are so happily eroding our democracy and freedoms Vote them out like it is a punch in the face Angry WhyArentYou GetAngry""}",,,,,
"{""_id"":{""$oid"":""5e6fad38431e5594c6ff496b""}","original_text:""Come join the team and help young people understand its NEVER the young person's fault when they have to go into care #IVolunteerBecause we are #MAD #MakingADifference every day #LoVols #volunteer""","label:""angry""","process_text:""Come join the team and help young people understand its NEVER the young person s fault when they have to go into care IVolunteerBecause we are MAD MakingADifference every day LoVols volunteer""}",,,,,,
"{""_id"":{""$oid"":""5e6fad48431e5594c6ff496c""}","original_text:""\""I would knock Tyson Fury out in six rounds!\"" | Tony Bellew Exclusive! ‚Ä?2020 MMA https://t.co/sNNhoc4oDA #boxing #stream #wilder #fury https://t.co/FRmCrHZgDH""","label:""angry""","process_text:""I would knock Tyson Fury out in six rounds Tony Bellew Exclusive 2020 MMA boxing stream wilder fury""}",,,,,,
"{""_id"":{""$oid"":""5e6fad59431e5594c6ff496d""}","original_text:""Answering dms to horny people #fuckoff #sellingnudes #meetup #nude #nsfw #horny #slut #cashapp #panties #sellingpanties #buyingnudes #premiumsnapchat #bbc #teennude #sellingnudes #jailbait #porn #hornyteen #mega #megalink #ass #tits #sex #sexting #megalink""","label:""angry""","process_text:""Answering dms to horny people fuckoff sellingnudes meetup nude nsfw horny slut cashapp panties sellingpanties buyingnudes premiumsnapchat bbc teennude sellingnudes jailbait porn hornyteen mega megalink ass tits sex sexting megalink""}",,,,,,
"{""_id"":{""$oid"":""5e6fad6c431e5594c6ff496e""}","original_text:""It is good that action is being taken here"," but more needs to be done on a larger scale to address #antisemitism in soccer. That‚Äôs why we‚Äôve been proud partners with @ChelseaFC to spearhead these efforts.""","label:""angry""",process_text:null},,,,,
"{""_id"":{""$oid"":""5e6fad7f431e5594c6ff496f""}","original_text:""proud to be treasurer @PeriodPower2 lbut very angry that in the 21st century we need to have such a charity We will continue to work to eradicate period poverty+promote period dignity in the UK and beyond and we‚Äôll do our bit for the planet too #SeeingRedGoingGreen @GretaThunberg https://t.co/9Ct84hLgDA""","label:""angry""","process_text:""proud to be treasurer lbut very angry that in the 21st century we need to have such a charity We will continue to work to eradicate period poverty promote period dignity in the UK and beyond and we will do our bit for the planet too SeeingRedGoingGreen""}",,,,,,
"{""_id"":{""$oid"":""5e6fad90431e5594c6ff4970""}","original_text:""What? / 20200310\n-\n#what #whatthe #she #woman #angry #character #characterdesign #caricature #face #visage #daily #drawing #sketch #english #word #vocabulary #pen #art #illustration #design #onedrawingaday #drawingeveryday #dailyatom #crys #crysju #Ï∫ê‚Ä?https://t.co/7Yj7TGttvA https://t.co/aGUskKc4UB""","label:""angry""","process_text:""What 20200310 what whatthe she woman angry character characterdesign caricature face visage daily drawing sketch english word vocabulary pen art illustration design onedrawingaday drawingeveryday dailyatom crys crysju""}",,,,,,
"{""_id"":{""$oid"":""5e6fadc9431e5594c6ff4971""}","original_text:""It's an absolute joke that Yorkcityknights are being dictated to by York City FC who have said the availability of Bootham Crescent to Yorkcityknights has been cancelled well my answer to them is you should compensate the Club and there supporters for this in convenience #Angry""","label:""angry""","process_text:""It s an absolute joke that Yorkcityknights are being dictated to by York City FC who have said the availability of Bootham Crescent to Yorkcityknights has been cancelled well my answer to them is you should compensate the Club and there supporters for this in convenience Angry""}",,,,,,
"{""_id"":{""$oid"":""5e6faddd431e5594c6ff4972""}","original_text:""#VaathiRaid #Angry Versionüò† @actorvijay\n\nEDITZ : @jasonthalapathy\n\n#Master #MasterAudioLaunch\n\n#MasterTrackList Finalizedüé∂\n#VaathiComing\n#AndhaKannaPaathaakaa\n#KuttiStory\n#QuitPannuda\n#BeatOfMaster\n#PonaPogattum\n\nhttps://t.co/rmmwdksQZY\n\n https://t.co/7kiPqB7tM7""","label:""angry""","process_text:""VaathiRaid Angry Version EDITZ Master MasterAudioLaunch MasterTrackList Finalized VaathiComing AndhaKannaPaathaakaa KuttiStory QuitPannuda BeatOfMaster PonaPogattum""}",,,,,,
"{""_id"":{""$oid"":""5e6fadf0431e5594c6ff4973""}","original_text:""#VaathiRaid #Angry Versionüò† @actorvijay\n\nEDITZ : @jasonthalapathy\n\n#Master #MasterAudioLaunch\n\n#MasterTrackList Finalizedüé∂\n#VaathiComing\n#AndhaKannaPaathaakaa\n#KuttiStory\n#QuitPannuda\n#BeatOfMaster\n#PonaPogattum\n\nhttps://t.co/6qMJN0INSF\n\n https://t.co/3LnjGMBhFM""","label:""angry""","process_text:""VaathiRaid Angry Version EDITZ Master MasterAudioLaunch MasterTrackList Finalized VaathiComing AndhaKannaPaathaakaa KuttiStory QuitPannuda BeatOfMaster PonaPogattum""}",,,,,,
"{""_id"":{""$oid"":""5e6fae03431e5594c6ff4974""}","original_text:""Jorge Masvidal vs. Nate Diaz is what fight fan dreams are made of ‚Ä?Paul Felder | UFC 244 | ESPN MMA ‚Ä?2020 MMA https://t.co/dJz8WsH8eh #boxing #boxingnews #fury #wilder https://t.co/MfQ0jiFSVX""","label:""angry""","process_text:""Jorge Masvidal vs Nate Diaz is what fight fan dreams are made of Paul Felder UFC 244 ESPN MMA 2020 MMA boxing boxingnews fury wilder""}",,,,,,
"{""_id"":{""$oid"":""5e6fae15431e5594c6ff4975""}","original_text:""@Jordan_Sather_ I think for the most part society is wising up to #Antisemitism There's a simplistic view that may be partially rooted in truth"," you just #Hate yourself. https://t.co/tH9GRg8LrT""","label:""angry""","process_text:""Sather I think for the most part society is wising up to Antisemitism There s a simplistic view that may be partially rooted in truth you just Hate yourself""}",,,,,
"{""_id"":{""$oid"":""5e6fae27431e5594c6ff4976""}","original_text:""Amazing moment when the people sing strong and beautiful #Roar song by @katyperry they never will lose the spirit #italystaystrong #Italy #italysings""","label:""angry""","process_text:""Amazing moment when the people sing strong and beautiful Roar song by they never will lose the spirit italystaystrong Italy italysings""}",,,,,,
"{""_id"":{""$oid"":""5e6fae3a431e5594c6ff4977""}","original_text:""What kind of amateur production is this!!! Shower timing out mid video!!! Someone‚Äôs getting fired over this mark my words!\n-\n#showertime #gym #wet #AmateurHour #furious #gay #nude #gaynude #gaylondon #onlyfans #homo #gayuk #exhibitionist https://t.co/rroTC2ia2u""","label:""angry""","process_text:""What kind of amateur production is this Shower timing out mid video Someone is getting fired over this mark my words showertime gym wet AmateurHour furious gay nude gaynude gaylondon onlyfans homo gayuk exhibitionist""}",,,,,,
"{""_id"":{""$oid"":""5e6fae5f431e5594c6ff4978""}","original_text:""This is the amount of delivery services", trucks and construction," en-route to London on the A13 at 10:45am.\n\n@CamdenCouncil believe they can solve the issues facing a merchant city with a few cargo bikes and @TowerHamletsNow thinks that travel begins in EC1 and ends in E3.\n\n#Mad https://t.co/fiXvAWjdp7""","label:""angry""","process_text:""This is the amount of delivery services trucks and construction en route to London on the A13 at 10 45am believe they can solve the issues facing a merchant city with a few cargo bikes and thinks that travel begins in EC1 and ends in E3 Mad""}",,,,
"{""_id"":{""$oid"":""5e6fae71431e5594c6ff4979""}","original_text:""Me: Wow there's a lot of antisemitism in soccer \n\nAlso me: Grateful the Jew haters keep pointing out what teams I should cheer for https://t.co/WMVkeMFawA""","label:""angry""",process_text:null},,,,,,
"{""_id"":{""$oid"":""5e6fae98431e5594c6ff497a""}","original_text:""#Whiners", #Complainers &amp; Attackers\n\nQuick to #Criticize," but never \nOffer Solutions\n\n#LIARS That #Hate The #Truth\n\nDems &amp; Media are the Problem!\n\n#VoteRedToSaveAmerica2020 https://t.co/Z8paSgLCuQ""","label:""angry""","process_text:""Whiners Complainers amp Attackers Quick to Criticize but never Offer Solutions LIARS That Hate The Truth Dems amp Media are the Problem VoteRedToSaveAmerica2020""}",,,,
"{""_id"":{""$oid"":""5e6faec0431e5594c6ff497b""}","original_text:""@JudicialWatch @JudicialWatch= #HillaryDerangementSyndrome \n#HillaryClinton (Still going on about Hillary's E-mails during a global pandemic!) #CoronaOutbreak #Covid_19  #Priorities Make no mistake", this is partisan! This is #sexist," this is promoting #hate &amp; #ConspiracyTheories  - #ShutItDown""","label:""angry""","process_text:""HillaryDerangementSyndrome HillaryClinton Still going on about Hillary s E mails during a global pandemic CoronaOutbreak Covid 19 Priorities Make no mistake this is partisan This is sexist this is promoting hate amp ConspiracyTheories ShutItDown""}",,,,
"{""_id"":{""$oid"":""5e6faed4431e5594c6ff497c""}","original_text:""Just because you‚Äôre offended does not mean you are right.\n\n#people #offended #psychology \n\nNOTE: I use Canva to create these memes. https://t.co/LYQODwrzsJ https://t.co/Lj9CsjlSiN""","label:""angry""","process_text:""Just because you are offended does not mean you are right people offended psychology NOTE I use Canva to create these memes""}",,,,,,
"{""_id"":{""$oid"":""5e6faee8431e5594c6ff497d""}","original_text:""\""#FreeSpeech should not mean that a person is allowed to spout or act on #hate of a #religion or its #people ... And it shouldn‚Äôt mean that #Muslims are scapegoated", vilified," and targeted whenever a #terror incident happens.\""\n\n     - @shahedezaydi writing in the @MetroUK""","label:""angry""","process_text:""FreeSpeech should not mean that a person is allowed to spout or act on hate of a religion or its people And it should not mean that Muslims are scapegoated vilified and targeted whenever a terror incident happens writing in the""}",,,,
"{""_id"":{""$oid"":""5e6faf11431e5594c6ff497e""}","original_text:""Did you know it's #NationalBystanderAwarenessDay (#NBAD) on Fri 13 March?\nCome to our event to find out how you can support victims of #hate"," hear talks from local speakers AND brilliant NBAD poetry from #Nottingham writers!\nBook here: https://t.co/eWoQegZw9Z https://t.co/69OaX0ciuy""","label:""angry""","process_text:""Did you know it s NationalBystanderAwarenessDay NBAD on Fri 13 March Come to our event to find out how you can support victims of hate hear talks from local speakers AND brilliant NBAD poetry from Nottingham writers Book here""}",,,,,
"{""_id"":{""$oid"":""5e6faf25431e5594c6ff497f""}","original_text:""What is your current mood?\n\n#benny #spaceship #astronaut #mood #moodboard #happy #sad #mad #smile #legomovie #lego #legominifigures #starwars #toyphotography #legophotography #legoaddict #minifigures #marvel #legoart  #AFOL #dccomics #toyartistry #disney #afolclub @LEGO_Group https://t.co/WYGuuRXLyh""","label:""angry""","process_text:""What is your current mood benny spaceship astronaut mood moodboard happy sad mad smile legomovie lego legominifigures starwars toyphotography legophotography legoaddict minifigures marvel legoart AFOL dccomics toyartistry disney afolclub Group""}",,,,,,
"{""_id"":{""$oid"":""5e6faf3b431e5594c6ff4980""}","original_text:""Everyone feels angry from time to time"," it's a natural emotion. But not always the best reaction in the office.üòÖ \n#behappy #dontbejackie #dontbejack #angry #office #workplacetips  #nyc #staffing #tempositions https://t.co/hITehVopE9""","label:""angry""","process_text:""Everyone feels angry from time to time it s a natural emotion But not always the best reaction in the office behappy dontbejackie dontbejack angry office workplacetips nyc staffing tempositions""}",,,,,
"{""_id"":{""$oid"":""5e6faf7b431e5594c6ff4983""}","original_text:""Control your anger! Grab control now --&gt; https://t.co/ou56N2ljtr\n\n#art #traditionalart #pencil #blickstudio #blick #sketch #sketchbook #painting #anger #angry #anguish #practice #anatomypractice #hands #face #eye #explorepage #artist #artistoninstagram #illustrator #illustration https://t.co/VvX1zh7HJZ""","label:""angry""","process_text:""Control your anger Grab control now gt art traditionalart pencil blickstudio blick sketch sketchbook painting anger angry anguish practice anatomypractice hands face eye explorepage artist artistoninstagram illustrator illustration""}",,,,,,
"{""_id"":{""$oid"":""5e6faf92431e5594c6ff4984""}","original_text:""At Kolkata airport - most staff are Bangla speaking. Same at hotel where I stayed. Info boards have part Bangla. And now at Blru airport - no staff speaks Kannada @BLRAirport #Kannada #angry""","label:""angry""","process_text:""At Kolkata airport most staff are Bangla speaking Same at hotel where I stayed Info boards have part Bangla And now at Blru airport no staff speaks Kannada Kannada angry""}",,,,,,
"{""_id"":{""$oid"":""5e6fafa9431e5594c6ff4985""}","original_text:""Nate Diaz almost smacks up whole Khabib team at UFC 239! LIVE FOOTAGE ‚Ä?2020 MMA https://t.co/Z0lJYPEgGY #boxing #boxingnews #wilder #fury https://t.co/0INH6C71w1""","label:""angry""","process_text:""Nate Diaz almost smacks up whole Khabib team at UFC 239 LIVE FOOTAGE 2020 MMA boxing boxingnews wilder fury""}",,,,,,
"{""_id"":{""$oid"":""5e6fafbe431e5594c6ff4986""}","original_text:""@MaryJoe38642126 @RepDavid @HouseAgDems @HouseForeign The most shameful #betrayal to #mansbestfriend"," a sickening crime against any living being I am #horrified and full of disbelief in a world that allows such #atrocities to continue I am #furious at our world leaders who could stop this but choose not to The shame is yours https://t.co/i4O95jnxgH""","label:""angry""","process_text:""The most shameful betrayal to mansbestfriend a sickening crime against any living being I am horrified and full of disbelief in a world that allows such atrocities to continue I am furious at our world leaders who could stop this but choose not to The shame is yours""}",,,,,
"{""_id"":{""$oid"":""5e6fb000431e5594c6ff4987""}","original_text:""@CNN @HinduAmericans #Jihad in #America 1 democratic step at a time...#Americans won't knw wht hit them.\nLrn frm #India",70 yrs of failed reconciliation," pampering&amp;integrn.They'll ultimately still #Hate ur guts&amp;try 2 impose #Sharia. They're nt here 2 serve u!They're here 2help themselves2 #AmericanPie""","label:""angry""","process_text:""Jihad in America 1 democratic step at a time Americans won t knw wht hit them Lrn frm India 70 yrs of failed reconciliation pampering amp integrn They ll ultimately still Hate ur guts amp try 2 impose Sharia They re nt here 2 serve u They re here 2help themselves2 AmericanPie""}",,,,
"{""_id"":{""$oid"":""5e6fb016431e5594c6ff4988""}","original_text:""@British_Airways 3 calls to BA. Collectively about 1.5hours. Lots of time on hold. Now just got cut off! Issue of cancelled flights unresolved. #exasperated""","label:""angry""","process_text:""Airways 3 calls to BA Collectively about 1 5hours Lots of time on hold Now just got cut off Issue of cancelled flights unresolved exasperated""}",,,,,,
"{""_id"":{""$oid"":""5e6fb02d431e5594c6ff4989""}","original_text:""I think we all need to use a little of our #superpowers today. It‚Äôs all a little #mad out there right now - stay #safe stay #healthy GO TO https://t.co/QDIWq0zp22 for info on #coronavirus &amp; #schools \n‚Ä¢\n‚Ä¢\n‚Ä¢\n#unionproud #unionstrong https://t.co/EPwxGbE6Su""","label:""angry""","process_text:""I think we all need to use a little of our superpowers today It is all a little mad out there right now stay safe stay healthy GO TO for info on coronavirus amp schools unionproud unionstrong""}",,,,,,
"{""_id"":{""$oid"":""5e6fb043431e5594c6ff498a""}","original_text:""@Grouci6Djamila @RepHorsford The most #shameful #betrayal to #mansbestfriend"," a #sickening #crime against any living being I am #horrified and full of #disbelief in a world that allows such #atrocities to continue I am #furious at our world leaders who could stop this but choose not to The shame is yours https://t.co/QcozsNCJuS""","label:""angry""","process_text:""The most shameful betrayal to mansbestfriend a sickening crime against any living being I am horrified and full of disbelief in a world that allows such atrocities to continue I am furious at our world leaders who could stop this but choose not to The shame is yours""}",,,,,
"{""_id"":{""$oid"":""5e6fb05b431e5594c6ff498b""}","original_text:""@AlexaMcConnolly Someone called me \""Fella\"" at work\nI've just reappeared from the site \""safe room\"" after an hour calming down I had a terrible panic attack", a site meeting is due today with new rules &amp; regulations as what we can &amp; can't say," it can't come soon enough to be honest #Offended #hurt""","label:""angry""","process_text:""Someone called me Fella at work I ve just reappeared from the site safe room after an hour calming down I had a terrible panic attack a site meeting is due today with new rules amp regulations as what we can amp can t say it can t come soon enough to be honest Offended hurt""}",,,,
"{""_id"":{""$oid"":""5e6fb073431e5594c6ff498c""}","original_text:""@Scribulatora Irresponsible fear-stoking? Well of course. \nIf @dereksloancpc were any more deceitful"," he'd be leading the now-headless #CPC_HQ hamster herd. His smart observations could lead Canada right back to the Stone Age. üôÑ\n#Fear \n#Punish \n#Hate \n#Deride\n#CPC_HQ gots it all.\n#canpoli \n.""","label:""angry""","process_text:""Irresponsible fear stoking Well of course If were any more deceitful he d be leading the now headless CPC HQ hamster herd His smart observations could lead Canada right back to the Stone Age Fear Punish Hate Deride CPC HQ gots it all canpoli""}",,,,,
"{""_id"":{""$oid"":""5e6fb08b431e5594c6ff498d""}","original_text:""Calling all young people aged 16-25 interested in social action"," community and cohesion @OddArtsUK and @ManCityCouncil present BLAME &amp; BELONGING @Z_arts_mcr https://t.co/qW9gESe1yu""","label:""angry""","process_text:""Calling all young people aged 16 25 interested in social action community and cohesion and present BLAME amp BELONGING arts mcr""}",,,,,
"{""_id"":{""$oid"":""5e6fb0a3431e5594c6ff498e""}","original_text:""My boxer Yoda.\n-\n-\n-\n#boxer #boxersofinstagram #mad  #musician #singersongwriter #vocalist #dogowner #dogs #dogstagram #dogwalking https://t.co/F3TGDNiCJ8""","label:""angry""","process_text:""My boxer Yoda boxer boxersofinstagram mad musician singersongwriter vocalist dogowner dogs dogstagram dogwalking""}",,,,,,
"{""_id"":{""$oid"":""5e6fb0b5431e5594c6ff498f""}","original_text:""MTC Nestor Sunshine Boxing Academy boxing"," Live from Ongwediva Annual Trade Fair ‚Ä?OATF ‚Ä?2020 MMA https://t.co/JHKWjwAR3G #boxing #stream #wilder #fury https://t.co/4Yp1EBAPJs""","label:""angry""","process_text:""MTC Nestor Sunshine Boxing Academy boxing Live from Ongwediva Annual Trade Fair OATF 2020 MMA boxing stream wilder fury""}",,,,,
