"{""_id"":{""$oid"":""5e6d90d08cd9f4f03b49f752""}","original_text:""Get out with your family &amp; do something out of the ordinary! Gravity will be open from March 17 onwards so make sure you book your flight on https://t.co/Th0kkVZRkg. \n-\n#gravity #fly #indoorskydiving #sports #stayactive #groupflight #family #friends #adventure #adrenalin https://t.co/XzyQXSTd05""","label:""excitement""","process_text:""Get out with your family amp do something out of the ordinary Gravity will be open from March 17 onwards so make sure you book your flight on gravity fly indoorskydiving sports stayactive groupflight family friends adventure adrenalin""}",,,,,
"{""_id"":{""$oid"":""5e6d90d88cd9f4f03b49f75b""}","original_text:""#IWD Keynote @MetricStream on \""The Glass ceiling - A reality or perception\"". It starts with #ambition. Shared stories of my roles models. Read from @WordsMatter40 and @apurva_purohit's #LadyYouReTheBoss. Take required action", be accepting of your need to succeed," own up to it! https://t.co/tIUUFhnEHU""","label:""excitement""","process_text:""IWD Keynote on The Glass ceiling A reality or perception It starts with ambition Shared stories of my roles models Read from and purohit s LadyYouReTheBoss Take required action be accepting of your need to succeed own up to it""}",,,
"{""_id"":{""$oid"":""5e6d90d98cd9f4f03b49f75c""}","original_text:""DM 101: never underestimate your players\nüßôüèª‚Äç‚ôÇÔ∏è‚öîÔ∏èüêâ\n#dungeonsanddragons #gamenight #dndcharacter   #character  #adventure  #meme #druid https://t.co/Shx4ALnrXZ""","label:""excitement""","process_text:""DM 101 never underestimate your players dungeonsanddragons gamenight dndcharacter character adventure meme druid""}",,,,,
"{""_id"":{""$oid"":""5e6d90db8cd9f4f03b49f75d""}","original_text:""A Kindle Bestseller\n\n‚ùàTHE BETRAYED‚ù?\nhttps://t.co/4o8vfn6MC4 \n\nLeft for dead", \nlost and confused," \nhe drank too much.\n\nUntil at last he had to know. \nWhat happened that day along the Pecos River? \n\n99c ~ FREE on #KindleUnlimited \n#Western #Adventure https://t.co/bZdXJGawJ8""","label:""excitement""","process_text:""A Kindle Bestseller THE BETRAYED Left for dead lost and confused he drank too much Until at last he had to know What happened that day along the Pecos River 99c FREE on KindleUnlimited Western Adventure""}",,,
"{""_id"":{""$oid"":""5e6d90f58cd9f4f03b49f76a""}","original_text:""Lets start this thing! Come hang out and chat with me! https://t.co/wKEbAoJgsG Follow me to stay up to date! #twitch #streamer #supportsmallstreams #gamer #adventure #action #varietystreamer #playingwithviewers #RPG #Doom&amp;Destiny #RPGmaker""","label:""excitement""","process_text:""Lets start this thing Come hang out and chat with me Follow me to stay up to date twitch streamer supportsmallstreams gamer adventure action varietystreamer playingwithviewers RPG Doom amp Destiny RPGmaker""}",,,,,
"{""_id"":{""$oid"":""5e6d90f88cd9f4f03b49f76b""}","original_text:""Just as there were animals all over the earth"," so were humans. Read the real story of the flood and the people.\n\nhttps://t.co/pHekftlYU0\n\n#SupportIA #authors #wowbooks #IAN1 #Adventure #authors #readers #Goodreads #youngadult #bookbuzz \n@kindle_boost #IARTG https://t.co/PmdlNzTYGl""","label:""excitement""","process_text:""Just as there were animals all over the earth so were humans Read the real story of the flood and the people SupportIA authors wowbooks IAN1 Adventure authors readers Goodreads youngadult bookbuzz boost IARTG""}",,,,
"{""_id"":{""$oid"":""5e6d90fb8cd9f4f03b49f76c""}","original_text:""‚Ä?Travel is never a #matter of #money"," but of courage.‚Ä?‚Ä?Paulo Coelho\n#solotravel #TravelBan #travelphotography #travels #traveltips #travelmore #TravelNurse #traveltheworld #travelblog #adventure #nature #NaturalSelection https://t.co/BWmVf6r5al""","label:""excitement""","process_text:""Travel is never a matter of money but of courage Paulo Coelho solotravel TravelBan travelphotography travels traveltips travelmore TravelNurse traveltheworld travelblog adventure nature NaturalSelection""}",,,,
"{""_id"":{""$oid"":""5e6d91758cd9f4f03b49f785""}","original_text:""Hey my twittersphere! My family and I (and", thus, my business) are embarking on a new #adventure. We are #moving up to the Sacramento," California area soon. I've written more about the move here on my #blog. Please reach out with questions!\n\nhttps://t.co/VQdqQgGYs7""","label:""excitement""","process_text:""Hey my twittersphere My family and I and thus my business are embarking on a new adventure We are moving up to the Sacramento California area soon I ve written more about the move here on my blog Please reach out with questions""}",,
"{""_id"":{""$oid"":""5e6d9a608cd9f4f03b49f830""}","original_text:""The dreams of man were gone. Now there were only nightmares...\n\nhttps://t.co/GFbJi0WQ0z\n\nStage 3. FREE on Kindle Unlimited!\n#horror #amwriting #zombie #apocalypse #survival #thriller #series #thriller #adventure #Awardwinning  #IARTG @NewAppleAwards #Stage3 https://t.co/xwAIxAQSll""","label:""excitement""","process_text:""The dreams of man were gone Now there were only nightmares Stage 3 FREE on Kindle Unlimited horror amwriting zombie apocalypse survival thriller series thriller adventure Awardwinning IARTG Stage3""}",,,,,
"{""_id"":{""$oid"":""5e6d9ae18cd9f4f03b49f837""}","original_text:""NEW S4 Episode 4: TERRY'S MYSTERIOUS MOMENTS with Terry From Texas!\n\n*Terry speaks about Witch Trials!\n*SIMPLY AMAZING!\n\nhttps://t.co/sWILLxMdeI\n\n#history #paranormal #stories #lifestyle #Chicago #ghosts #podcasts #Travel #adventure #YA #FridayMotivation #FridayVibes #podcast https://t.co/WTgEmWer5H""","label:""excitement""","process_text:""NEW S4 Episode 4 TERRY S MYSTERIOUS MOMENTS with Terry From Texas Terry speaks about Witch Trials SIMPLY AMAZING history paranormal stories lifestyle Chicago ghosts podcasts Travel adventure YA FridayMotivation FridayVibes podcast""}",,,,,
"{""_id"":{""$oid"":""5e6d9b0a8cd9f4f03b49f839""}","original_text:""Delighted to have received the award for winner in the historical fiction category for 'Wyvern of Wessex' in the Book Awards for 2019 from @NNP_W_Light I'm totally delighted and can't thank Mrs N enough. \n\nhttps://t.co/V6jwsQNqga\n\n#histfic  #Vikings #anglosaxon #adventure https://t.co/eJyZoxMLY5""","label:""excitement""","process_text:""Delighted to have received the award for winner in the historical fiction category for Wyvern of Wessex in the Book Awards for 2019 from W Light I m totally delighted and can t thank Mrs N enough histfic Vikings anglosaxon adventure""}",,,,,
"{""_id"":{""$oid"":""5e6d9b1d8cd9f4f03b49f83a""}","original_text:""ICYMI yesterday \nWe are #proud to WELCOME a new #volunteer for an #Exciting NEW project  #Ataxia #raredisease #patient #charity #Wales \n\n#kNOwATAXIA https://t.co/x265v017IB""","label:""excitement""","process_text:""ICYMI yesterday We are proud to WELCOME a new volunteer for an Exciting NEW project Ataxia raredisease patient charity Wales kNOwATAXIA""}",,,,,
"{""_id"":{""$oid"":""5e6d9b328cd9f4f03b49f83b""}","original_text:""Simple"," #interesting video telling how viruses go #viral. Please #save yourself and  fellow human beings.\n#CoronaVirusUpdate\n#Covid_19 #coronavirus #coronarvirusitalia \n#COVID2019 \n#CoronaOutbreak https://t.co/ARSi5TaDDf""","label:""excitement""","process_text:""Simple interesting video telling how viruses go viral Please save yourself and fellow human beings CoronaVirusUpdate Covid 19 coronavirus coronarvirusitalia COVID2019 CoronaOutbreak""}",,,,
"{""_id"":{""$oid"":""5e6d9b448cd9f4f03b49f83c""}","original_text:""Looking for a weekend getaway to somewhere beautiful? ‚õ∞Ô∏è\nCheck out my blog post and video about the trip @Brittincharge and I did to #Enumclaw WA: https://t.co/eog2YBXTNU\n#Travel #Nature #Adventure #WashingtonState @visitmtrainier #blogging""","label:""excitement""","process_text:""Looking for a weekend getaway to somewhere beautiful Check out my blog post and video about the trip and I did to Enumclaw WA Travel Nature Adventure WashingtonState blogging""}",,,,,
"{""_id"":{""$oid"":""5e6d9b558cd9f4f03b49f83d""}","original_text:""‚ÄòThe Tainted Dollar‚Äô\nLike a taste of ol‚Ä?time whiskey.\nHere‚Äôs a great review from a man who knows more‚Äôn a little about westerns"," &amp; the old west.\nhttps://t.co/GZFPlJXKZU\nWhy not ride along‚Ä?.?\n#western #Laredo #Texas #JakeBase #adventure https://t.co/45n6HC7uIh""","label:""excitement""","process_text:""The Tainted Dollar Like a taste of ol time whiskey Here is a great review from a man who knows more n a little about westerns amp the old west Why not ride along western Laredo Texas JakeBase adventure""}",,,,
"{""_id"":{""$oid"":""5e6d9b6c8cd9f4f03b49f83e""}","original_text:""Found out tonight that I've been cast as Maria in my theatre schools production of the Sound of Music. I know it's not that important considering everything that's going on #sohappy Best Friday 13th ever #excited #maria #soundofmusic üåà https://t.co/0AfardIw3x""","label:""excitement""","process_text:""Found out tonight that I ve been cast as Maria in my theatre schools production of the Sound of Music I know it s not that important considering everything that s going on sohappy Best Friday 13th ever excited maria soundofmusic""}",,,,,
"{""_id"":{""$oid"":""5e6d9b7b8cd9f4f03b49f83f""}","original_text:""Mataking jetty\nüì∏@robinphilippo\n\nüö©Follow @divingphoto", tag us to be featured," TURN ON post notifications and be the first to see new photos .\n.\n.\n.\n.\n.\n.\n#scuba #scubadiving #diving #scubapro #tauchen #padi #reef\n#travel #ocean #sea #underwater #adventure  #wreck #wreckdiving https://t.co/C6qozQkpZn""","label:""excitement""","process_text:""Mataking jetty Follow tag us to be featured TURN ON post notifications and be the first to see new photos scuba scubadiving diving scubapro tauchen padi reef travel ocean sea underwater adventure wreck wreckdiving""}",,,
"{""_id"":{""$oid"":""5e6d9b8c8cd9f4f03b49f840""}","original_text:""Sometimes authors can predict the future. It is time you read their works.\nhttps://t.co/KUEurDyWhv\n#SupportIA #authors #wowbooks #IAN1 #Adventure #authors #readers #Goodreads #youngadult #bookbuzz \n@kindle_boost #IARTG https://t.co/0xUYiOvMs6""","label:""excitement""","process_text:""Sometimes authors can predict the future It is time you read their works SupportIA authors wowbooks IAN1 Adventure authors readers Goodreads youngadult bookbuzz boost IARTG""}",,,,,
"{""_id"":{""$oid"":""5e6d9b9e8cd9f4f03b49f841""}","original_text:""#IAN1 #AMG #SFFBC\n*\nListen to a reading of Chapter 8 from \""Into Autumn\"" by a professional actor!\n*\nhttps://t.co/LEKad4DSp0\n*\nThe song \""City Gal\"" was inspired by \""Into Autumn\"""," book 1 of the epic Four Seasons Series.\n\nhttps://t.co/Gd8Z6AhShC\n#Texas #mustread #dystopian #adventure https://t.co/YZKaXCag0E""","label:""excitement""","process_text:""IAN1 AMG SFFBC Listen to a reading of Chapter 8 from Into Autumn by a professional actor The song City Gal was inspired by Into Autumn book 1 of the epic Four Seasons Series Texas mustread dystopian adventure""}",,,,
"{""_id"":{""$oid"":""5e6d9bb08cd9f4f03b49f842""}","original_text:""‚ùàREVENGE‚ù?An action packed #Western\nhttps://t.co/3eSruf73gU\n\nTom flattened Zeke in a fight \nso the drunk swore to kill him. \n\nBut Tom was marrying Lacey and \nnow they were both in deep trouble.\n\n#BookBoost #Adventure\n99c ~ FREE on KindleUnlimited""","label:""excitement""","process_text:""REVENGE An action packed Western Tom flattened Zeke in a fight so the drunk swore to kill him But Tom was marrying Lacey and now they were both in deep trouble BookBoost Adventure 99c FREE on KindleUnlimited""}",,,,,
"{""_id"":{""$oid"":""5e6d9bd78cd9f4f03b49f844""}","original_text:""Find the answer.  IS THIS WHAT DEATH IS LIKE? Why did success in battle lead to defeat in peace. #neardeathexperience \nhttps://t.co/nolUno51Wa  \n#aircombat   #fighterjet     #adventure  #fighterplane""","label:""excitement""","process_text:""Find the answer IS THIS WHAT DEATH IS LIKE Why did success in battle lead to defeat in peace neardeathexperience aircombat fighterjet adventure fighterplane""}",,,,,
"{""_id"":{""$oid"":""5e6d9be78cd9f4f03b49f845""}","original_text:""\""Take your child on a wild west adventure today! Live the old west with your \nchild or children! Family Fun!\"" https://t.co/AlvWjZs8b9 #PMInc #ABRSC\n#kidlit #picturebook #ChildrensBooks #retweet_groups #RodentRoadAdventures  \n#adventure #SCBWI #IARTG #bookboost #ASMSG #squirrels https://t.co/UsUZei6Qx5""","label:""excitement""","process_text:""Take your child on a wild west adventure today Live the old west with your child or children Family Fun PMInc ABRSC kidlit picturebook ChildrensBooks retweet groups RodentRoadAdventures adventure SCBWI IARTG bookboost ASMSG squirrels""}",,,,,
"{""_id"":{""$oid"":""5e6d9bfb8cd9f4f03b49f846""}","original_text:""FREE ebook \""There are some seriously twisted characters populating this series https://t.co/ibV7cKrqHj #Kindle #Kobo #Nook #Tolino #iPad #gay #fantasy #adventure""","label:""excitement""","process_text:""FREE ebook There are some seriously twisted characters populating this series Kindle Kobo Nook Tolino iPad gay fantasy adventure""}",,,,,
"{""_id"":{""$oid"":""5e6d9c148cd9f4f03b49f847""}","original_text:""#excited for the 25th April and a double for @A1MRecords family "," when both the mighty @themoodsmanc and new kids @stepfordwivesuk play at one of our favourite Uk indie live venues üòçüòçüòçüòçüöåüöåüöå@OCoaches https://t.co/kUuZCouw4O""","label:""excitement""","process_text:""excited for the 25th April and a double for family when both the mighty and new kids play at one of our favourite Uk indie live venues""}",,,,
"{""_id"":{""$oid"":""5e6d9c298cd9f4f03b49f848""}","original_text:""\""Superb characters and a fun story.\""\n\nOrphan and runaway Paul Wiseman only wanted to find a family. He found something else. Monsters exist...and they're on our side.\n\n#yalit #FANTASY #paranormal #vampire #zombie #adventure #ASMSG #humor \nhttps://t.co/MCvYEvdz8Z https://t.co/lWpXn4hrtR""","label:""excitement""","process_text:""Superb characters and a fun story Orphan and runaway Paul Wiseman only wanted to find a family He found something else Monsters exist and they re on our side yalit FANTASY paranormal vampire zombie adventure ASMSG humor""}",,,,,
"{""_id"":{""$oid"":""5e6d9c398cd9f4f03b49f849""}","original_text:""üî∏Tomb Raider Iüî∏ Lost Valley"," Peru. \n#crofty #TombRaider #laracroft #cosplay #cosplayergirl #cosplayer #Geek #geekgirl #cosplaying #adventure #Peru https://t.co/z1LX5Jv0Gb""","label:""excitement""","process_text:""Tomb Raider I Lost Valley Peru crofty TombRaider laracroft cosplay cosplayergirl cosplayer Geek geekgirl cosplaying adventure Peru""}",,,,
"{""_id"":{""$oid"":""5e6d9c4a8cd9f4f03b49f84a""}","original_text:""You simply can't go wrong with one of his books! Order \""Elk Meadows\"" now. #mustread #action #adventure #JohnHansen #suspense  @vandorn52 available at Amazon --&gt; https://t.co/G708JYPMuW https://t.co/KoxBo0Rtcp""","label:""excitement""","process_text:""You simply can t go wrong with one of his books Order Elk Meadows now mustread action adventure JohnHansen suspense available at Amazon gt""}",,,,,
"{""_id"":{""$oid"":""5e6d9c608cd9f4f03b49f84b""}","original_text:""Are you 12 - 16 yrs old or know a young person who is"," and who's interested in the environment? This is an unmissable opportunity to get involved in conservation with a fantastic organisation and bunch of people. @Action4Conserv""","label:""excitement""","process_text:""Are you 12 16 yrs old or know a young person who is and who s interested in the environment This is an unmissable opportunity to get involved in conservation with a fantastic organisation and bunch of people""}",,,,
"{""_id"":{""$oid"":""5e6d9c738cd9f4f03b49f84c""}","original_text:""Don't worry my lil darlings. Mommy will drain u all. Wait ur turn. Big"," medium or small drains.  I can fit u all in! #catfish #catfishdomme #catfishgoddess #catfishaddiction #catfishkink #catfishfetish #paypigs #cashslaves #catfishscam #headfuck #pleasure #excitement #desire https://t.co/JKuoY0lULC""","label:""excitement""","process_text:""Don t worry my lil darlings Mommy will drain u all Wait ur turn Big medium or small drains I can fit u all in catfish catfishdomme catfishgoddess catfishaddiction catfishkink catfishfetish paypigs cashslaves catfishscam headfuck pleasure excitement desire""}",,,,
"{""_id"":{""$oid"":""5e6d9ca48cd9f4f03b49f84e""}","original_text:""Will it snow ‚ùÑ‚ùÑmore!! \n#luxurydestination #ninefurlongs #luxuryresorts #himalayas #incredibleindia #binsar #mountain #Instatravel #travel #luxury #nature #vacation #ecofriendly #uttrakhand #peaceful #birdsanctuary #relaxation #heritage #travel #tourism #adventure #wanderlust https://t.co/eZWRG2sr1U""","label:""excitement""","process_text:""Will it snow more luxurydestination ninefurlongs luxuryresorts himalayas incredibleindia binsar mountain Instatravel travel luxury nature vacation ecofriendly uttrakhand peaceful birdsanctuary relaxation heritage travel tourism adventure wanderlust""}",,,,,
"{""_id"":{""$oid"":""5e6d9cb68cd9f4f03b49f84f""}","original_text:""üìöüìöüìöüìöüìöüìöüìöüìö\nThis is how the Grand Library of Oniria Spins. We have more than 400 interactive volumes waiting to be discovered!\nüìöüìöüìöüìöüìöüìöüìöüìö\n\n#indiegame | #voxel | #adventure | #detective | #DREAMS | #madewithunity | #screenshotsaturday | @DevsFromSpain | #books https://t.co/3cr3pCe4eN""","label:""excitement""","process_text:""This is how the Grand Library of Oniria Spins We have more than 400 interactive volumes waiting to be discovered indiegame voxel adventure detective DREAMS madewithunity screenshotsaturday books""}",,,,,
"{""_id"":{""$oid"":""5e6d9cc98cd9f4f03b49f850""}","original_text:""Find the answer.  IS THIS WHAT DEATH IS LIKE? Why did success in battle lead to defeat in peace. #neardeathexperience \nhttps://t.co/nolUno51Wa  \n #fighterjet   #action   #adventure  #fighterplane""","label:""excitement""","process_text:""Find the answer IS THIS WHAT DEATH IS LIKE Why did success in battle lead to defeat in peace neardeathexperience fighterjet action adventure fighterplane""}",,,,,
"{""_id"":{""$oid"":""5e6d9cdc8cd9f4f03b49f851""}","original_text:""\""HIS HIGHLAND LOVE by Willa Blair is another fantastic read.\"" Get your copy immediately!  https://t.co/cheGb7Ht9t¬†#mustread #Scottish #historical #romance¬†#adventure #series Book2 https://t.co/Fcu6faMQd8""","label:""excitement""","process_text:""HIS HIGHLAND LOVE by Willa Blair is another fantastic read Get your copy immediately mustread Scottish historical romance adventure series Book2""}",,,,,
"{""_id"":{""$oid"":""5e6d9cf08cd9f4f03b49f852""}","original_text:""Hermitage Foreshore track (1.8km) https://t.co/32ItIr5tKv\n#trailhikingaust #trailhiking #adventure #hiking #bushwalking #lovehiking #walking #hikinglife #letsgohiking #hikingadventures #outdoors #australia https://t.co/Ci9QqwVGtb""","label:""excitement""","process_text:""Hermitage Foreshore track 1 8km trailhikingaust trailhiking adventure hiking bushwalking lovehiking walking hikinglife letsgohiking hikingadventures outdoors australia""}",,,,,
"{""_id"":{""$oid"":""5e6d9d058cd9f4f03b49f853""}","original_text:""‚ùàREVENGE‚ù?\nAn action packed #Western\nhttps://t.co/3eSrufoE8s\n\nTom flattened Zeke in a fight \nso the drunk swore to kill him. \nBut Tom was marrying Lacey and \nnow they were both in deep trouble.\n\n#BookBoost #Adventure\n99c ~ FREE on KindleUnlimited""","label:""excitement""","process_text:""REVENGE An action packed Western Tom flattened Zeke in a fight so the drunk swore to kill him But Tom was marrying Lacey and now they were both in deep trouble BookBoost Adventure 99c FREE on KindleUnlimited""}",,,,,
"{""_id"":{""$oid"":""5e6d9d1c8cd9f4f03b49f854""}","original_text:""ü¶áü¶áü¶áü¶áü¶á\nExcerpt taken from #Inquisition #book2 #TheWolfgangTrilogy #fdgross #TheCrestHavens #vampires #bloodthirsty #monsters #macabre #IARTG #mustread #suspense #adventure #slaying #gothic #horror #paranormal #amazon #goodreads\nhttps://t.co/OwWZDLhbgR https://t.co/iQXyMYprZW""","label:""excitement""","process_text:""Excerpt taken from Inquisition book2 TheWolfgangTrilogy fdgross TheCrestHavens vampires bloodthirsty monsters macabre IARTG mustread suspense adventure slaying gothic horror paranormal amazon goodreads""}",,,,,
"{""_id"":{""$oid"":""5e6d9d3b8cd9f4f03b49f855""}","original_text:""#newblogpost from our NEW  #SKhistory blog! We are so #excited to share \""A #Moose Hunt Story\"" by John Merasty!\n\n#livingheritage #cdnhist #writing #magazine #memories #foodhistory #hunting #northernsk #snowmobiles #twitterstorians #sk #cdnhistory #cndhist\n\nhttps://t.co/zYvGWXuwRI""","label:""excitement""","process_text:""newblogpost from our NEW SKhistory blog We are so excited to share A Moose Hunt Story by John Merasty livingheritage cdnhist writing magazine memories foodhistory hunting northernsk snowmobiles twitterstorians sk cdnhistory cndhist""}",,,,,
"{""_id"":{""$oid"":""5e6d9d508cd9f4f03b49f856""}","original_text:""Modern Godhood launches on @kickstarter April 1st! A #fantasy #comic of 3 short stories that combine the mythical with the biblical.\n\n#indiecomics #makecomics #kickstarter #action #supernatural #adventure #makecomics #anthology #crowdfund #comicbooks #NCBD #comicart #art #comics https://t.co/ximO3HKGAY""","label:""excitement""","process_text:""Modern Godhood launches on April 1st A fantasy comic of 3 short stories that combine the mythical with the biblical indiecomics makecomics kickstarter action supernatural adventure makecomics anthology crowdfund comicbooks NCBD comicart art comics""}",,,,,
"{""_id"":{""$oid"":""5e6d9d648cd9f4f03b49f857""}","original_text:""Take time for the breath taking #ShadyRays #LiveHard #sunglasses #shades #style #outdoors #hike #hiking #nature #adventure photo by: Alexandre Roy-Brunelle https://t.co/yqrTHRCtgm""","label:""excitement""","process_text:""Take time for the breath taking ShadyRays LiveHard sunglasses shades style outdoors hike hiking nature adventure photo by Alexandre Roy Brunelle""}",,,,,
"{""_id"":{""$oid"":""5e6d9d7c8cd9f4f03b49f858""}","original_text:""Want something to read while you‚Äôre hunkered down. Armchair travel with Savannah and Michael #rimance #adventure #humor #hope https://t.co/zdfSWpTUEF""","label:""excitement""","process_text:""Want something to read while you are hunkered down Armchair travel with Savannah and Michael rimance adventure humor hope""}",,,,,
"{""_id"":{""$oid"":""5e6d9d8e8cd9f4f03b49f859""}","original_text:""Banana tree at San Javier mission outside of Loreto I Baja", California," #Mexico. That flower bus looks almost obscene. KLR did great. Looks like Omar did a good job! #motorcycle #adventure #travel https://t.co/Y3BrXptV2h""","label:""excitement""","process_text:""Banana tree at San Javier mission outside of Loreto I Baja California Mexico That flower bus looks almost obscene KLR did great Looks like Omar did a good job motorcycle adventure travel""}",,,
"{""_id"":{""$oid"":""5e6d9da08cd9f4f03b49f85a""}","original_text:""For a successful helicopter evacuation on Mount Kilimanjaro and Mount Meru"," one should acquire a travel insurance that covers medical evacuation 6000 M ASL. The helicopter evacuation will be available 24/7 \n#MtKilimanjaro #MtMeru #Adventure #SafetyFirst https://t.co/DggWrOEf0P""","label:""excitement""","process_text:""For a successful helicopter evacuation on Mount Kilimanjaro and Mount Meru one should acquire a travel insurance that covers medical evacuation 600 M ASL The helicopter evacuation will be available 24 7 MtKilimanjaro MtMeru Adventure SafetyFirst""}",,,,
"{""_id"":{""$oid"":""5e6d9db28cd9f4f03b49f85b""}","original_text:""As gamers we all have an extensive back log of title we need to play but always buy more!\n\nWhat upcoming games are you looking forward to &amp; why!\n\n#UpcomingGames #NewReleases #Excited https://t.co/8LEGblXLJ8""","label:""excitement""","process_text:""As gamers we all have an extensive back log of title we need to play but always buy more What upcoming games are you looking forward to amp why UpcomingGames NewReleases Excited""}",,,,,
"{""_id"":{""$oid"":""5e6d9dca8cd9f4f03b49f85c""}","original_text:""Check out Random Encounters Adventure Maps by Alvin Bearden on #Kickstarter https://t.co/Z9S0kcfQ4T #crowdfunding #crowdsourcing #games #gaming #play #TabletopGaming #adventure #AdventureMaps #AdventureMapCards""","label:""excitement""","process_text:""Check out Random Encounters Adventure Maps by Alvin Bearden on Kickstarter crowdfunding crowdsourcing games gaming play TabletopGaming adventure AdventureMaps AdventureMapCards""}",,,,,
"{""_id"":{""$oid"":""5e6d9ddd8cd9f4f03b49f85d""}","original_text:""Stand Before The Children / Monsters among us‚Ä¶By Sandra Yearman\n https://t.co/r02Ggr5ynf via @amazon \n#series #fantasy #goodreads #mustreads #amreading #books #BookBoost #ASMSG #IARTG #adventure https://t.co/PvVDrwOaMT""","label:""excitement""","process_text:""Stand Before The Children Monsters among us By Sandra Yearman via series fantasy goodreads mustreads amreading books BookBoost ASMSG IARTG adventure""}",,,,,
"{""_id"":{""$oid"":""5e6d9df38cd9f4f03b49f85e""}","original_text:""Sorry if something like this was posted before\n‚öîÔ∏èüêâ\n#dungeonsanddragons #gamenight #dndminiatures #charactersheet  #adventure  #meme #druid https://t.co/niiGVElAlO""","label:""excitement""","process_text:""Sorry if something like this was posted before dungeonsanddragons gamenight dndminiatures charactersheet adventure meme druid""}",,,,,
"{""_id"":{""$oid"":""5e6d9e058cd9f4f03b49f85f""}","original_text:""‚≠êVincent‚≠êÔ∏è by Jonathan G. Meyer\nAuthor of the AL CLARK Series\nüëâ Amazon: https://t.co/E9R8SegNMv\n(Ebook-Print-Audio)\n\nAn Old-Fashioned #SciFi #Adventure of unusual heros in a race to save two worlds. #IARTG #ASMSG #SFRTG #mybookagents #kindleunlimited #readindie \nDownload Now: https://t.co/VakqdCZKmH""","label:""excitement""","process_text:""Vincent by Jonathan G Meyer Author of the AL CLARK Series Amazon Ebook Print Audio An Old Fashioned SciFi Adventure of unusual heros in a race to save two worlds IARTG ASMSG SFRTG mybookagents kindleunlimited readindie Download Now""}",,,,,
"{""_id"":{""$oid"":""5e6d9e198cd9f4f03b49f860""}","original_text:""Thank you @StarAcademies for a wonderful event! Your hospitality has been fabulous. Our pupils have had an amazing time representing @olive_bolton at the #StarAwards #WeAreStar #Teamwork #Ambition #Respect https://t.co/2zk71KK4o1""","label:""excitement""","process_text:""Thank you for a wonderful event Your hospitality has been fabulous Our pupils have had an amazing time representing bolton at the StarAwards WeAreStar Teamwork Ambition Respect""}",,,,,
"{""_id"":{""$oid"":""5e6d9e2b8cd9f4f03b49f861""}","original_text:""Develop your own character and create their story in Call to Adventure from @BwiseGames. Want more? Add ally and adversary cards. Prefer cooperative #games? There's an option for that too! Details: https://t.co/EOq53dX88u #Adventure #boardgame #gamenight #CallToAdventure""","label:""excitement""","process_text:""Develop your own character and create their story in Call to Adventure from Want more Add ally and adversary cards Prefer cooperative games There s an option for that too Details Adventure boardgame gamenight CallToAdventure""}",,,,,
"{""_id"":{""$oid"":""5e6d9e3d8cd9f4f03b49f862""}","original_text:""@LeeRich24399893 Thank you:) Here‚Äôs my #NewRelease. #ReadingCommunity", escape from all the chaos," join the adventure ;) https://t.co/ACZI1Xe68M""","label:""excitement""","process_text:""Thank you Here is my NewRelease ReadingCommunity escape from all the chaos join the adventure""}",,,
"{""_id"":{""$oid"":""5e6d9e4e8cd9f4f03b49f863""}","original_text:""Planning #travel on your next vacation? #Kathmandu is among top 5 most interesting cities to visit by Lonelyplanet. Here's our top tips for #adventure", #hiking, #camping," #backpacking in #Nepal. https://t.co/LbQDS4nCxy #Explore #culture #heritage #nature on your #vacation #ttot""","label:""excitement""","process_text:""Planning travel on your next vacation Kathmandu is among top 5 most interesting cities to visit by Lonelyplanet Here s our top tips for adventure hiking camping backpacking in Nepal Explore culture heritage nature on your vacation ttot""}",,
"{""_id"":{""$oid"":""5e6d9e628cd9f4f03b49f864""}","original_text:""NEW STORY IS LIVE!!! Check it out!!! Link:https://t.co/LYcsJiYUL6\n\n#Authors #Fanauthoring #new #adventure #art #novel #reading #blogger #books #creating #fantasy #writing #write https://t.co/yVq1Vx0XuE""","label:""excitement""","process_text:""NEW STORY IS LIVE Check it out Link Authors Fanauthoring new adventure art novel reading blogger books creating fantasy writing write""}",,,,,
"{""_id"":{""$oid"":""5e6d9e798cd9f4f03b49f865""}","original_text:""Sturt Gorge River Trail (9.8km) https://t.co/hBtJUinTva\n#trailhikingaust #trailhiking #adventure #hiking #bushwalking #lovehiking #walking #hikinglife #letsgohiking #hikingadventures #outdoors #australia https://t.co/hIclbd5SCd""","label:""excitement""","process_text:""Sturt Gorge River Trail 9 8km trailhikingaust trailhiking adventure hiking bushwalking lovehiking walking hikinglife letsgohiking hikingadventures outdoors australia""}",,,,,
"{""_id"":{""$oid"":""5e6d9ea28cd9f4f03b49f867""}","original_text:""Can't go anywhere? Trapped in the house? Looking for something to do? Check out Semi-Sages of the Pages Podcast. We don't know where we're going"," but we're on an adventure. PS--be kind to #healthcare workers. #semisage #podcast #adventure https://t.co/dGWQdHxMJa""","label:""excitement""","process_text:""Can t go anywhere Trapped in the house Looking for something to do Check out Semi Sages of the Pages Podcast We don t know where we re going but we re on an adventure PS be kind to healthcare workers semisage podcast adventure""}",,,,
"{""_id"":{""$oid"":""5e6d9eb98cd9f4f03b49f868""}","original_text:""Holy Doodle! A Virtual Fizzy?\nIs that even possible?\n\nhttps://t.co/ewpQBoJanA\nYes it is ‚òùÔ∏è Check it out\n\n#geocaching #CacheCanada\n#gogeocaching #fun #adventure #virtual #fizzy \n@GoGeocaching https://t.co/vrmOwOK8Ys""","label:""excitement""","process_text:""Holy Doodle A Virtual Fizzy Is that even possible Yes it is Check it out geocaching CacheCanada gogeocaching fun adventure virtual fizzy""}",,,,,
"{""_id"":{""$oid"":""5e6d9ecf8cd9f4f03b49f869""}","original_text:""@ShannonKrulish https://t.co/2HjZir2OoH\nThanks Shannon\nFollowing you tooüòÄ\n\nMy ebook is a #cleanread so all ages and genders can enjoy it. My youngest readers to 80year olds ‚ù§Love my Dragons and fast paced story. #acfw #FaithOverFear #love #Romance #adventure #epicfantasy""","label:""excitement""","process_text:""Thanks Shannon Following you too My ebook is a cleanread so all ages and genders can enjoy it My youngest readers to 80year olds Love my Dragons and fast paced story acfw FaithOverFear love Romance adventure epicfantasy""}",,,,,
"{""_id"":{""$oid"":""5e6d9ee38cd9f4f03b49f86a""}","original_text:""Just A Little Faith And Courage To Make This Dream Come True. Hardest Part Is Saying Yes. Join Us For An Adventure Of A Lifetime. Book online at https://t.co/3FcVehj2dp\n#skydiveing #bucketlist #fear #adventure #epic #freefall #parachuting #FirstTimer https://t.co/Ndi87kud33""","label:""excitement""","process_text:""Just A Little Faith And Courage To Make This Dream Come True Hardest Part Is Saying Yes Join Us For An Adventure Of A Lifetime Book online at skydiveing bucketlist fear adventure epic freefall parachuting FirstTimer""}",,,,,
"{""_id"":{""$oid"":""5e6d9ef78cd9f4f03b49f86b""}","original_text:""Song Of The Second Son / Terror in a monastery ‚Ä¶By Sandra Yearman\nhttps://t.co/BRtUBzcpy6 via @amazon  #fantasy #series #goodreads #adventure #mustread #fantasylover #books #BookBoost #ASMSG #IARTG #amreading https://t.co/bz8EfQK8h6""","label:""excitement""","process_text:""Song Of The Second Son Terror in a monastery By Sandra Yearman via fantasy series goodreads adventure mustread fantasylover books BookBoost ASMSG IARTG amreading""}",,,,,
"{""_id"":{""$oid"":""5e6d9f0c8cd9f4f03b49f86c""}","original_text:""https://t.co/DlhuBGH8Ad\nThis is my favourite song frm the album. @thisisysr sir‚Äôs voice has added an extra magic to it! And it is just a blessing to be able to act for sir‚Äôs music in my 2nd movie itself! #blessed #excited \nThank you YSR for the amazing album! #PlanPanniPannanum https://t.co/UJFCZnZk8L""","label:""excitement""","process_text:""This is my favourite song frm the album sir is voice has added an extra magic to it And it is just a blessing to be able to act for sir is music in my 2nd movie itself blessed excited Thank you YSR for the amazing album PlanPanniPannanum""}",,,,,
"{""_id"":{""$oid"":""5e6d9f1f8cd9f4f03b49f86d""}","original_text:""Jack's running from his painful past.\nAn accident on the road to Judelen brings a princess into his life.\nCan he risk saving her from a deadly plot.\nKnowing it will put his life in danger?\n#journeywithjack #amwritingfantasy\n#truelove #adventure #magic #Amazon #goodreads https://t.co/9QYYryPO3O""","label:""excitement""","process_text:""Jack s running from his painful past An accident on the road to Judelen brings a princess into his life Can he risk saving her from a deadly plot Knowing it will put his life in danger journeywithjack amwritingfantasy truelove adventure magic Amazon goodreads""}",,,,,
"{""_id"":{""$oid"":""5e6d9f378cd9f4f03b49f86e""}","original_text:""I am so #excited to announce that I will be #producing the new #docuseries for my #sisterwife @CoronaNumbers"," it‚Äôs about to be #explosive üî•üî• #strongwomen support each other #legend üë†‚ù§Ô∏è https://t.co/9Ulm3jGf29""","label:""excitement""","process_text:""I am so excited to announce that I will be producing the new docuseries for my sisterwife it is about to be explosive strongwomen support each other legend""}",,,,
"{""_id"":{""$oid"":""5e6d9f4a8cd9f4f03b49f86f""}","original_text:""\""We'll do XP the the end of the session\""\nüßôüèª‚Äç‚ôÇÔ∏è‚öîÔ∏èüêâ\n#dnd  #rpg  #dndmemes  #charactersheet  #adventure  #follow  #barbarian https://t.co/jHAfArAwyz""","label:""excitement""","process_text:""We ll do XP the the end of the session dnd rpg dndmemes charactersheet adventure follow barbarian""}",,,,,
"{""_id"":{""$oid"":""5e6d9f628cd9f4f03b49f870""}","original_text:""Since they cancel our flight back Home might as well travel around Europe üá™üá∏ üá©üá™ üá≥üá± .\n.\n.\n.\n.\n\n#travel #travelphotography #photography #nature #travelgram #love #photooftheday #instagood  #instatravel #adventure‚Ä?https://t.co/3stluxC8YV""","label:""excitement""","process_text:""Since they cancel our flight back Home might as well travel around Europe travel travelphotography photography nature travelgram love photooftheday instagood instatravel adventure""}",,,,,
"{""_id"":{""$oid"":""5e6d9f798cd9f4f03b49f871""}","original_text:""Everyone be excited with me! Tri To Win's sample has been made! Must be my lucky day üòÅ\n\n#tritowin #triathlon #cardgame #boardgame #boardgamegeek #FridayThe13th #FridayMotivation\n#preorder #manufacturing #sample #excited #FunFriday #Wow #cardgames #bgg\n\nhttps://t.co/IH4CGur2CO https://t.co/CQc9UMHkbQ""","label:""excitement""","process_text:""Everyone be excited with me Tri To Win s sample has been made Must be my lucky day tritowin triathlon cardgame boardgame boardgamegeek FridayThe13th FridayMotivation preorder manufacturing sample excited FunFriday Wow cardgames bgg""}",,,,,
"{""_id"":{""$oid"":""5e6d9f9f8cd9f4f03b49f873""}","original_text:""Springtime in #keywest on https://t.co/A3uHClVx5e Join us for an #eco #adventure    305-304-7999 ‚Å¶@RealSaltLife‚Å?@thefloridakeys‚Å?‚Å¶@FloridaTop10‚Å?‚Å¶@VISITFLORIDA‚Å?‚Å¶@DangerCharters‚Å?https://t.co/G16hTVhB7c""","label:""excitement""","process_text:""Springtime in keywest on Join us for an eco adventure 305 304 799""}",,,,,
"{""_id"":{""$oid"":""5e6d9fb28cd9f4f03b49f874""}","original_text:""@animalcrossing @NintendoAmerica @animalcrossing Any way we can push forward the clocks a bit and escape to a world all our own together in these dreadful times", say," a week early? I think #animalcrossing is the perfect antidote and companion to staying at home! #excited #PleaseHelp #Nintendo""","label:""excitement""","process_text:""Any way we can push forward the clocks a bit and escape to a world all our own together in these dreadful times say a week early I think animalcrossing is the perfect antidote and companion to staying at home excited PleaseHelp Nintendo""}",,,
"{""_id"":{""$oid"":""5e6d9fc48cd9f4f03b49f875""}","original_text:""I passed my Final Exam for School!!!!I‚Äôm a Graduate now!! üìö üë©‚Äçüéìüéâüéâüé?#InsituteIntegrativeNutrition #nomorehomework #celebration #educationrocks #lovelearning #pornstarsarentdumb #blondandbrilliant #accomplished #success #ambition #goals""","label:""excitement""","process_text:""I passed my Final Exam for School I am a Graduate now InsituteIntegrativeNutrition nomorehomework celebration educationrocks lovelearning pornstarsarentdumb blondandbrilliant accomplished success ambition goals""}",,,,,
"{""_id"":{""$oid"":""5e6d9fda8cd9f4f03b49f876""}","original_text:""‚ÄòWagon Mound to Santa Fe‚Äô\nhttps://t.co/YoDEzyuXlc\nFour young people.\nAre they capable of dealing with the daunting task which lies ahead?\nOf locating and rescuing Sarah.\nWhy not ride along &amp; discover‚Ä?\n#AlexSawicki #NewMexico #western #adventure https://t.co/ItvZiR1Mii""","label:""excitement""","process_text:""Wagon Mound to Santa Fe Four young people Are they capable of dealing with the daunting task which lies ahead Of locating and rescuing Sarah Why not ride along amp discover AlexSawicki NewMexico western adventure""}",,,,,
"{""_id"":{""$oid"":""5e6d9fec8cd9f4f03b49f877""}","original_text:""You're going to be spending a lot of time #reading in the next couple of weeks"," so here's a #FREE ebook download of my #essay collection When The Shoe Fits thru March 18. #chicklit #reinvention #love #adventure #resilience #inspiration #women  https://t.co/KmamPFOAAk https://t.co/LjHgLhOmha""","label:""excitement""","process_text:""You re going to be spending a lot of time reading in the next couple of weeks so here s a FREE ebook download of my essay collection When The Shoe Fits thru March 18 chicklit reinvention love adventure resilience inspiration women""}",,,,
"{""_id"":{""$oid"":""5e6d9fff8cd9f4f03b49f878""}","original_text:""#SherlockHolmes was one of my favorite #shortstory #mystery #thriller  #adventure collection I've read in a long time. This #book includes a collection of twelve of his cases. Next"," I think I will #read the other best short #story #writer of all time. Can anyone guess who it is? https://t.co/7c4zyOyFSu""","label:""excitement""","process_text:""SherlockHolmes was one of my favorite shortstory mystery thriller adventure collection I ve read in a long time This book includes a collection of twelve of his cases Next I think I will read the other best short story writer of all time Can anyone guess who it is""}",,,,
"{""_id"":{""$oid"":""5e6da0168cd9f4f03b49f879""}","original_text:""Winter Moon: the 3rd book in the series 'The Chronicles of the White Tower'\n \nby @MarkPAuthor \nget it now  https://t.co/IUNdAPdjCI\nhttps://t.co/g3Qw9tfD70\n#RT \n#iartg \n#asmsg \n#bookboost\n#reading \n#Adventure""","label:""excitement""","process_text:""Winter Moon the 3rd book in the series The Chronicles of the White Tower by get it now RT iartg asmsg bookboost reading Adventure""}",,,,,
"{""_id"":{""$oid"":""5e6da02e8cd9f4f03b49f87a""}","original_text:""What is the Definition of Customer Engagement?\n\n#Business #Success #BusinessOwner #OnlineBusiness #ThinkBig #Startup #Businessman #SmallBusiness #InternetBusiness #Entrepreneur #Entrepreneurship #WontStop #Mindset #Hustle #Freedom #Coaching #Ambition\n\nhttps://t.co/VLXsVccdV6""","label:""excitement""","process_text:""What is the Definition of Customer Engagement Business Success BusinessOwner OnlineBusiness ThinkBig Startup Businessman SmallBusiness InternetBusiness Entrepreneur Entrepreneurship WontStop Mindset Hustle Freedom Coaching Ambition""}",,,,,
"{""_id"":{""$oid"":""5e6da0418cd9f4f03b49f87b""}","original_text:""Mixed ",mastered ,"censored and ready to fly ..are you ready for it this evening ??? #1sttrailer #excitement #love#unconditional support #artunites""","label:""excitement""","process_text:""Mixed mastered censored and ready to fly are you ready for it this evening 1sttrailer excitement love unconditional support artunites""}",,,
"{""_id"":{""$oid"":""5e6da0588cd9f4f03b49f87c""}","original_text:""This week‚Äôs ALL NEW #adventure takes @wildcorwin to #Hawaii‚Äôs Big Island where he explores one of the most active volcanoes in the world: Kƒ´lauea. #OceanTreks üåãüåã https://t.co/x1n3xowt0z""","label:""excitement""","process_text:""This week is ALL NEW adventure takes to Hawaii is Big Island where he explores one of the most active volcanoes in the world K lauea OceanTreks""}",,,,,
"{""_id"":{""$oid"":""5e6da06c8cd9f4f03b49f87d""}","original_text:""#TalaTheGiraffe ... up close and personal!\n\n#adventure #safari #giraffe #wildlifesafari #mugiecamp #SafariExperience #WhyILoveKenya #tembeakenya #safari #kenya #MagicalKenya #traveldestination #wanderlust #travelblog #africansafari #visitkenya #safaridestination #KOT #laikipia https://t.co/8f0jPppV1i""","label:""excitement""","process_text:""TalaTheGiraffe up close and personal adventure safari giraffe wildlifesafari mugiecamp SafariExperience WhyILoveKenya tembeakenya safari kenya MagicalKenya traveldestination wanderlust travelblog africansafari visitkenya safaridestination KOT laikipia""}",,,,,
"{""_id"":{""$oid"":""5e6da0808cd9f4f03b49f87e""}","original_text:""\""Shall I put you out of your misery"," before I put you out of your misery?\"" Non-stop dragontastic action in this gripping #YoungAdult #Fantasy #Adventure https://t.co/5ZNqPiazaB #fiction #fantasyreader #fantasylover #books #paperback #bookworm #storytelling #AmazonKindle #SFF #KU https://t.co/JO2lAG82tL""","label:""excitement""","process_text:""Shall I put you out of your misery before I put you out of your misery Non stop dragontastic action in this gripping YoungAdult Fantasy Adventure fiction fantasyreader fantasylover books paperback bookworm storytelling AmazonKindle SFF KU""}",,,,
"{""_id"":{""$oid"":""5e6da0948cd9f4f03b49f87f""}","original_text:""Cannes. Good Morning World! #cannes #france #travel #adventure #wanderlust #vacation #travelgram #explore #holiday #travels #traveler #traveller #traveling #travelling #travelphotography #travelingram #travelblog #travelblogger #traveladdict #exploretocr‚Ä?https://t.co/U49RwxG57w https://t.co/dYOOrSlvWN""","label:""excitement""","process_text:""Cannes Good Morning World cannes france travel adventure wanderlust vacation travelgram explore holiday travels traveler traveller traveling travelling travelphotography travelingram travelblog travelblogger traveladdict exploretocr""}",,,,,
"{""_id"":{""$oid"":""5e6da0c08cd9f4f03b49f881""}","original_text:""A Journey Of A Thousand Miles Begins With A Single Step - Lao Tzu\n\n@NoMansSky\n#NoMansSky\n#hellogames \n#journeymilestone\n#findinguniverse\n#scifi\n#adventure\n#journey https://t.co/bbLWkccGTM""","label:""excitement""","process_text:""A Journey Of A Thousand Miles Begins With A Single Step Lao Tzu NoMansSky hellogames journeymilestone findinguniverse scifi adventure journey""}",,,,,
"{""_id"":{""$oid"":""5e6da0d58cd9f4f03b49f882""}","original_text:""\""I loved the idea of #squirrels celebrating a Christmas in Central Park!\"" \nhttps://t.co/SPx712ZCeR #kidlit #ASMSG #picturebook #ChildrensBooks \n#IARTG #booklovers #SCBWI #IAN1 #bookboost #adventure #fantasy #CentralPark \n@MaryLSchmidt #RodentRoadAdventures #Christmas #kidsbooks https://t.co/LCbPudOsaX""","label:""excitement""","process_text:""I loved the idea of squirrels celebrating a Christmas in Central Park kidlit ASMSG picturebook ChildrensBooks IARTG booklovers SCBWI IAN1 bookboost adventure fantasy CentralPark RodentRoadAdventures Christmas kidsbooks""}",,,,,
"{""_id"":{""$oid"":""5e6da0ed8cd9f4f03b49f883""}","original_text:""A #Marine‚Äôs Story. L.W.Wedgwood‚Äôs MARINE REACTION by  L.W.Wedgwood  @LWWedgwood is a #thriller #adventure that never fails to please as it tackles a soldier‚Äôs acute PTSD in an adventure you can‚Äôt stop reading. \nhttps://t.co/vEk62Qkume""","label:""excitement""","process_text:""A Marine is Story L W Wedgwood is MARINE REACTION by L W Wedgwood is a thriller adventure that never fails to please as it tackles a soldier is acute PTSD in an adventure you can not stop reading""}",,,,,
"{""_id"":{""$oid"":""5e6da1018cd9f4f03b49f884""}","original_text:""The S1-S4 pupil council members are working hard on their #internationaldayofhappiness preparations.üòäüåû #ambition #kindness #pupilvoice https://t.co/ywKKJADtZk""","label:""excitement""","process_text:""The S1 S4 pupil council members are working hard on their internationaldayofhappiness preparations ambition kindness pupilvoice""}",,,,,
"{""_id"":{""$oid"":""5e6da1258cd9f4f03b49f886""}","original_text:""üñ§üñ§ Been a little quiet over the last two days"," watch this space tho.... theres something mega exciting coming your way üñ§üñ§\n#exciting #mega #sexy #naughtycontent #pantyseller #fetish https://t.co/8fpaMkL619""","label:""excitement""","process_text:""Been a little quiet over the last two days watch this space tho theres something mega exciting coming your way exciting mega sexy naughtycontent pantyseller fetish""}",,,,
"{""_id"":{""$oid"":""5e6da14f8cd9f4f03b49f888""}","original_text:""Super excited to read @brittanitaylor new book series! cant wait"," it looks spooky and the storyline sounds so intense! üòç Love a good mystery #saintsville #book #mystery #thriller #excited #booklover https://t.co/OIevLWYPON""","label:""excitement""","process_text:""Super excited to read new book series cant wait it looks spooky and the storyline sounds so intense Love a good mystery saintsville book mystery thriller excited booklover""}",,,,
"{""_id"":{""$oid"":""5e6da1688cd9f4f03b49f889""}","original_text:""‚ò?P.I. Buck McDivit deals with the theft of a priceless 1000-yr-old relic. #paranormal #mystery #adventure #UrbanFantasy #thriller #series #books #ebooks #KU #KindleUnlimited #mustread #EricWilder https://t.co/XNKE9gblv6""","label:""excitement""","process_text:""P I Buck McDivit deals with the theft of a priceless 100 yr old relic paranormal mystery adventure UrbanFantasy thriller series books ebooks KU KindleUnlimited mustread EricWilder""}",,,,,
"{""_id"":{""$oid"":""5e6da17f8cd9f4f03b49f88a""}","original_text:""'She was striking and classy. And", Patrick suspected," bringing trouble his way' https://t.co/0c9A4jNKGa  #Adventure #Mystery #Thriller #Cannes #LinAnderson #IARTG #KU https://t.co/dZmY5b4YJr""","label:""excitement""","process_text:""She was striking and classy And Patrick suspected bringing trouble his way Adventure Mystery Thriller Cannes LinAnderson IARTG KU""}",,,
"{""_id"":{""$oid"":""5e6da1968cd9f4f03b49f88b""}","original_text:""Quarantined? Check out the new mobile game Winter War free at https://t.co/ne7ESnweMR\n #videojuegos #videogaming #ËßÜÈ¢ëÊ∏∏Êàè #comics #juex #action #gamedev  #adventure #indiedev #unity3d  #coronapocalypse #StayAtHome #coronavirus #COVID„É?9 #QuarantineAndChill https://t.co/gCgLoNeJn0""","label:""excitement""","process_text:""Quarantined Check out the new mobile game Winter War free at videojuegos videogaming comics juex action gamedev adventure indiedev unity3d coronapocalypse StayAtHome coronavirus COVID19 QuarantineAndChill""}",,,,,
"{""_id"":{""$oid"":""5e6da1ab8cd9f4f03b49f88c""}","original_text:""Early morning on the Rocky Mountains and Snake River in Idaho\n\n#adventure #outdoor #nature #landscapes #photo #america https://t.co/f3A65zoNMF""","label:""excitement""","process_text:""Early morning on the Rocky Mountains and Snake River in Idaho adventure outdoor nature landscapes photo america""}",,,,,
"{""_id"":{""$oid"":""5e6da1c08cd9f4f03b49f88d""}","original_text:""Title: \""Nature of Gahreesen\""\nHighest settings @ 4K\n\n#Uru #UruLive #Myst #MystOnline #Adventure #CyanWorlds #Ubisoft #VirtualPhotography #Gametography #VirtualGamePhotography #VGPUnite #gamersunite \n\nTap/click to enlarge ‚§µÔ∏è https://t.co/J9l4QGsF9c""","label:""excitement""","process_text:""Title Nature of Gahreesen Highest settings 4K Uru UruLive Myst MystOnline Adventure CyanWorlds Ubisoft VirtualPhotography Gametography VirtualGamePhotography VGPUnite gamersunite Tap click to enlarge""}",,,,,
"{""_id"":{""$oid"":""5e6da1d38cd9f4f03b49f88e""}","original_text:""üßô‚Äç‚ôÇÔ∏èPLEASE CHECK &amp; RETWEETüßô‚Äç‚ôÇÔ∏è\n#promotecomics #corwdfunding \n#indie #fantasy #adventure #comics\n\nJohnny Segura 3rd's PIPE DREAMS\nhttps://t.co/WUn3Cdh33q\n\nDOOM FATE\nhttps://t.co/UbB28Fi5D3\n\nGUARDIANS OF ERLOTH\nhttps://t.co/2hwRIbjg08\n\nGOLMA\nhttps://t.co/ac0kdzhcMF\n \n#ComicsForEveryone https://t.co/x985mycgvP""","label:""excitement""","process_text:""PLEASE CHECK amp RETWEET promotecomics corwdfunding indie fantasy adventure comics Johnny Segura 3rd s PIPE DREAMS DOOM FATE GUARDIANS OF ERLOTH GOLMA ComicsForEveryone""}",,,,,
"{""_id"":{""$oid"":""5e6da1ee8cd9f4f03b49f88f""}","original_text:""***FREE***  The just-released sequel to ‚ÄúThe Forging of the Ring‚Ä?is a series of short stories that will satisfy your swords &amp; sorcery cravings.  Look for ‚ÄúTales from the Grimacing Goblin‚Ä?everywhere ebooks are sold.  https://t.co/jn4B3PW1ba #fantasy #ebook #adventure https://t.co/A9iM39iuv1""","label:""excitement""","process_text:""FREE The just released sequel to The Forging of the Ring is a series of short stories that will satisfy your swords amp sorcery cravings Look for Tales from the Grimacing Goblin everywhere ebooks are sold fantasy ebook adventure""}",,,,,
"{""_id"":{""$oid"":""5e6da2038cd9f4f03b49f890""}","original_text:""Favorite course at TreeHoppers? \n\nGet all the adventure info you might need at https://t.co/KFQBcW6WbK \n\n#adventure #zipline #dadecity https://t.co/TM2gmosCyY""","label:""excitement""","process_text:""Favorite course at TreeHoppers Get all the adventure info you might need at adventure zipline dadecity""}",,,,,
"{""_id"":{""$oid"":""5e6da2158cd9f4f03b49f891""}","original_text:""\""A fairy tale squirrel wedding in a magical forest world as seen \nthrough the eyes of a child.\"" https://t.co/S1nkh4yFws #FairyTale #parenting \n#kidlit #picturebooks #IARTG #adventure #ChildrensBooks #SCBWI #magical \n#fairytale #fantasy #ASMSG #ValentinesDay #squirrels #wildlife https://t.co/ClS0FjqZ05""","label:""excitement""","process_text:""A fairy tale squirrel wedding in a magical forest world as seen through the eyes of a child FairyTale parenting kidlit picturebooks IARTG adventure ChildrensBooks SCBWI magical fairytale fantasy ASMSG ValentinesDay squirrels wildlife""}",,,,,
"{""_id"":{""$oid"":""5e6da22e8cd9f4f03b49f892""}","original_text:""'She was striking and classy. And", Patrick suspected," bringing trouble his way' https://t.co/0c9A4jNKGa  #Adventure #Mystery #Thriller #Cannes #LinAnderson #IARTG #KU https://t.co/CcVWTrrDH9""","label:""excitement""","process_text:""She was striking and classy And Patrick suspected bringing trouble his way Adventure Mystery Thriller Cannes LinAnderson IARTG KU""}",,,
"{""_id"":{""$oid"":""5e6da2498cd9f4f03b49f893""}","original_text:""Magnificent view of Orchha Town and mighty Chaturbhuj temple"," as seen from the Raja mahal in #madhyapradesh state. #travel #travelphotography #adventure #travelblogger #IncredibleIndia #Photoshoot #traveler #MPTourism #History #travelgram #Indian #heritage https://t.co/RpkzweKokk""","label:""excitement""","process_text:""Magnificent view of Orchha Town and mighty Chaturbhuj temple as seen from the Raja mahal in madhyapradesh state travel travelphotography adventure travelblogger IncredibleIndia Photoshoot traveler MPTourism History travelgram Indian heritage""}",,,,
"{""_id"":{""$oid"":""5e6da25e8cd9f4f03b49f894""}","original_text:""Views like this can only be truly appreciated when you get outdoors . . . just sayin‚Ä?üòâ\n.\n.\n.\n(PC: @missjessbess) #tetonsports #getoutdoors #enjoylife #adventure #discover #exploremore #hiking #getoutside #mountains #wilderness #backpacking #outdoorlife #hikerchat #optoutside https://t.co/Zvbgjx18KH""","label:""excitement""","process_text:""Views like this can only be truly appreciated when you get outdoors just sayin PC tetonsports getoutdoors enjoylife adventure discover exploremore hiking getoutside mountains wilderness backpacking outdoorlife hikerchat optoutside""}",,,,,
"{""_id"":{""$oid"":""5e6da2888cd9f4f03b49f896""}","original_text:""Lest we forget #Israel #Jerusalem and our soon brothers and sisters in Yeshua HaMachiach #JESUStheCHRIST from the #believing remnant to the promise of #Jehovah to the Patriarchs #ConeLordJesus #Maranatha #BELIEVE #John316 https://t.co/7MaDWCaWvH""","label:""excitement""","process_text:""Lest we forget Israel Jerusalem and our soon brothers and sisters in Yeshua HaMachiach JESUStheCHRIST from the believing remnant to the promise of Jehovah to the Patriarchs ConeLordJesus Maranatha BELIEVE John316""}",,,,,
"{""_id"":{""$oid"":""5e6da29b8cd9f4f03b49f897""}","original_text:""Attended my first Aerial Straps class tonight! Feeling good"," but my arms are noodles. Hope to be somewhat decent in a few years! #Aerialstraps #adventure https://t.co/7VofqhkYkv""","label:""excitement""","process_text:""Attended my first Aerial Straps class tonight Feeling good but my arms are noodles Hope to be somewhat decent in a few years Aerialstraps adventure""}",,,,
"{""_id"":{""$oid"":""5e6da2b38cd9f4f03b49f898""}","original_text:""üòÇüòÇ this piggy was fucking a tree stump.. ??? Who the fuck does that üòÇüòÇ\n\nWhat am absolute lowlife piece of shit and still paid for the privilege üñï\n\n#humiliation #findom #cashmaster #paypig #cashfag #adventure https://t.co/OjSNmGhBY5""","label:""excitement""","process_text:""this piggy was fucking a tree stump Who the fuck does that What am absolute lowlife piece of shit and still paid for the privilege humiliation findom cashmaster paypig cashfag adventure""}",,,,,
"{""_id"":{""$oid"":""5e6da2cd8cd9f4f03b49f899""}","original_text:""Take credit where credit is due\n‚öîÔ∏èüßôüèª‚Äç‚ôÇÔ∏è\n#dungeonsanddragons #gamenight #dndminiatures #charactersheet  #adventure  #follow  #cleric https://t.co/IqP6kxOFCZ""","label:""excitement""","process_text:""Take credit where credit is due dungeonsanddragons gamenight dndminiatures charactersheet adventure follow cleric""}",,,,,
"{""_id"":{""$oid"":""5e6da2e38cd9f4f03b49f89a""}","original_text:""Lot's of events have been Canceled this week .Sporting activities have been canceled too....One cannot feel bored tho so I made a thread of #Mustwatch Movies. (2020 movies and old Movies)\n\n#Adventure \n#Horror\n#Sciencefiction \n#War\n#Disaster and More. https://t.co/H3ZBChfrBf""","label:""excitement""","process_text:""Lot s of events have been Canceled this week Sporting activities have been canceled too One cannot feel bored tho so I made a thread of Mustwatch Movies 2020 movies and old Movies Adventure Horror Sciencefiction War Disaster and More""}",,,,,
"{""_id"":{""$oid"":""5e6da2fa8cd9f4f03b49f89b""}","original_text:""\""A cinematic experience...like a movie in a book!\""\n\nNerds", transgenics, a mad scientist, a monster, chases," romance...and that's just in the first few chapters! Pick up your copy of Catnip right meow!\n\n#YAFantasy #adventure #Romance #Reading #mustread \nhttps://t.co/hUXiNXtjuj https://t.co/ZacIlSduV0""","label:""excitement""","process_text:""A cinematic experience like a movie in a book Nerds transgenics a mad scientist a monster chases romance and that s just in the first few chapters Pick up your copy of Catnip right meow YAFantasy adventure Romance Reading mustread""}"
"{""_id"":{""$oid"":""5e6da3108cd9f4f03b49f89c""}","original_text:""It's #official #excited I have my very own #charmbracelet #talisman Lisa Appleton Collection 'which I collaborated with @BrynCJHammond its on #sale NOW! Protect yourselves üòá‚ù§Ô∏èCondition is New with tags. Dispatched Royal Mail 1st Class Thank you https://t.co/UW6ClaxXRH https://t.co/rFX8cgmDeJ""","label:""excitement""","process_text:""It s official excited I have my very own charmbracelet talisman Lisa Appleton Collection which I collaborated with its on sale NOW Protect yourselves Condition is New with tags Dispatched Royal Mail 1st Class Thank you""}",,,,,
"{""_id"":{""$oid"":""5e6da3288cd9f4f03b49f89d""}","original_text:""An important update from Deep River Sporting Clays.\n\n#health #wellness #cleanliness #sanitation #proactive #northcarolina #customercare #outdoors #experience #adventure #nature #responsibility #weloveourcustomers #corona #Disinfection https://t.co/RQHlI4ESty""","label:""excitement""","process_text:""An important update from Deep River Sporting Clays health wellness cleanliness sanitation proactive northcarolina customercare outdoors experience adventure nature responsibility weloveourcustomers corona Disinfection""}",,,,,
"{""_id"":{""$oid"":""5e6da33d8cd9f4f03b49f89e""}","original_text:""Join Clark", Rachel," and Ernie for an unforgettable journey down The Gravel Road\n#IARTG #Kindle #KindleUnlimited #fiction #action #romance #adventure #WritingCommunity #novel\n\nhttps://t.co/RCihJPRtMV https://t.co/z5YaeoVOgV""","label:""excitement""","process_text:""Join Clark Rachel and Ernie for an unforgettable journey down The Gravel Road IARTG Kindle KindleUnlimited fiction action romance adventure WritingCommunity novel""}",,,
"{""_id"":{""$oid"":""5e6da3548cd9f4f03b49f89f""}","original_text:""This is how I limit my \""social contact\""\n\n#adventure #camp #hike #outdoors #forest #hammocklife #hammockcamping #hiking #hikingadventures #nature #naturelovers #pa #pennsylvania #gooutsideanddosomething @hemlockmtoutdoors https://t.co/0Pehnc4KXS https://t.co/n0PukZa7iR""","label:""excitement""","process_text:""This is how I limit my social contact adventure camp hike outdoors forest hammocklife hammockcamping hiking hikingadventures nature naturelovers pa pennsylvania gooutsideanddosomething""}",,,,,
"{""_id"":{""$oid"":""5e6da36c8cd9f4f03b49f8a0""}","original_text:""This trip was so much fun! Great food", wine," hiking and one incredible sunrise balloon ride. #Enumclaw for the romantic getaway win! ü•∞""","label:""excitement""","process_text:""This trip was so much fun Great food wine hiking and one incredible sunrise balloon ride Enumclaw for the romantic getaway win""}",,,
"{""_id"":{""$oid"":""5e6da3878cd9f4f03b49f8a1""}","original_text:""5 STAR REVIEW\n\""William Worthy was on point with creating something very enlightening and passionate to the readers.\""\nGet it here &gt;&gt;&gt; https://t.co/wZgUrn2bWd \nFree with KindleUnlimited \n#Mystery #Romance #Suspense #Adventure #Supernatural #DeepState #Love #GoodReads #LifeLessons https://t.co/7D4WfHHeDP""","label:""excitement""","process_text:""5 STAR REVIEW William Worthy was on point with creating something very enlightening and passionate to the readers Get it here gt gt gt Free with KindleUnlimited Mystery Romance Suspense Adventure Supernatural DeepState Love GoodReads LifeLessons""}",,,,,
"{""_id"":{""$oid"":""5e6da3a38cd9f4f03b49f8a2""}","original_text:""You really should buy my books! Action-Adventure stories with real people https://t.co/JV7jvVVRHo\n\n#SupportIA #authors #wowbooks #IAN1 #Adventure #IARTG https://t.co/Gwd5Fj691L""","label:""excitement""","process_text:""You really should buy my books Action Adventure stories with real people SupportIA authors wowbooks IAN1 Adventure IARTG""}",,,,,
"{""_id"":{""$oid"":""5e6da3bb8cd9f4f03b49f8a3""}","original_text:""WHITE SPIRIT (A novel based on a true story) \n\n‚ñ?#FREE @ #KindleUnlimited\n\nAn epic historical adventure set in 19th Century Australia\n\n#KU #HistoricalNovels #Australia #Adventure #Romance #Aussie #Convicts #Aborigines\n\nhttps://t.co/GZSW0XWRIT""","label:""excitement""","process_text:""WHITE SPIRIT A novel based on a true story FREE KindleUnlimited An epic historical adventure set in 19th Century Australia KU HistoricalNovels Australia Adventure Romance Aussie Convicts Aborigines""}",,,,,
"{""_id"":{""$oid"":""5e6da3d18cd9f4f03b49f8a4""}","original_text:""Brother Kings ...The Warrior Series...Vol 1... by Sandra J Yearman https://t.co/JZWIp01HQW ‚Ä?via @amazon #series #fantasy #goodreads #mustread #BookBoost #Book #amreading #adventure #fantasyreader #IARTG #ASMSG https://t.co/VtVzwtbLxm""","label:""excitement""","process_text:""Brother Kings The Warrior Series Vol 1 by Sandra J Yearman via series fantasy goodreads mustread BookBoost Book amreading adventure fantasyreader IARTG ASMSG""}",,,,,
"{""_id"":{""$oid"":""5e6da3e58cd9f4f03b49f8a5""}","original_text:""Happy Saturday #ItsaJeepWorld!üåéWith everything cancelled where are you wheeling this weekend? #Jeep #JeepWorld #Jeeplife #Jeepfamily #adventure #getoutside @H8Roads #coronavirus @HawaiianStyle25 @Legendary1941 @7SlotSociety @JKU_VENOM @JeepKrewe @jeepherashlee @ChrisMacalusoüò∑ https://t.co/EqTleq1JbS""","label:""excitement""","process_text:""Happy Saturday ItsaJeepWorld With everything cancelled where are you wheeling this weekend Jeep JeepWorld Jeeplife Jeepfamily adventure getoutside coronavirus VENOM""}",,,,,
"{""_id"":{""$oid"":""5e6da4018cd9f4f03b49f8a6""}","original_text:""Need a hotel? Vist https://t.co/95MxLtzhkL to instantly search and compare leading booking sites to find the best deals for you!\n\n#hotels #travel #hoteldeals #tourism #adventure #vacation #holiday https://t.co/mvDd4dwMj7""","label:""excitement""","process_text:""Need a hotel Vist to instantly search and compare leading booking sites to find the best deals for you hotels travel hoteldeals tourism adventure vacation holiday""}",,,,,
"{""_id"":{""$oid"":""5e6da41d8cd9f4f03b49f8a7""}","original_text:""\""Rocissono‚Äôs tale of Frankie and his three best friends reminded me of the Goonies wrapped up with the Wizard of Oz and sprinkled with bits of the original Star Wars saga.\"" \nhttps://t.co/CdFOoMuAjE #TheGoonies #Wizards #StarWars #mglit #yalit #YAFantasy #courage #adventure #IARTG https://t.co/MHmtsUQHJ0""","label:""excitement""","process_text:""Rocissono is tale of Frankie and his three best friends reminded me of the Goonies wrapped up with the Wizard of Oz and sprinkled with bits of the original Star Wars saga TheGoonies Wizards StarWars mglit yalit YAFantasy courage adventure IARTG""}",,,,,
"{""_id"":{""$oid"":""5e6da4398cd9f4f03b49f8a8""}","original_text:""How Color Influences Decisions That We Make.\n\n#Business #Success #BusinessOwner #OnlineBusiness #ThinkBig #Startup #Businessman #SmallBusiness #InternetBusiness #Entrepreneur #Entrepreneurship #WontStop #Mindset #Hustle #Freedom #Coaching #Ambition\n\nhttps://t.co/uDsilT4g5r""","label:""excitement""","process_text:""How Color Influences Decisions That We Make Business Success BusinessOwner OnlineBusiness ThinkBig Startup Businessman SmallBusiness InternetBusiness Entrepreneur Entrepreneurship WontStop Mindset Hustle Freedom Coaching Ambition""}",,,,,
"{""_id"":{""$oid"":""5e6da4508cd9f4f03b49f8a9""}","original_text:""üêç Mysterious black diamond propels #Vietnam vet Tom Logan on a journey of epic #adventure and #romance.  #mystery #thriller #fantasy #IARTG #ASMSG #TBR #BYNR #mustread #books #ebooks #KU #KindleUnlimited #EricWilder https://t.co/xeQPRj8CiJ""","label:""excitement""","process_text:""Mysterious black diamond propels Vietnam vet Tom Logan on a journey of epic adventure and romance mystery thriller fantasy IARTG ASMSG TBR BYNR mustread books ebooks KU KindleUnlimited EricWilder""}",,,,,
"{""_id"":{""$oid"":""5e6da4688cd9f4f03b49f8aa""}","original_text:""Bennett: - the 2nd book in the series 'The Chronicles of the White Tower'\n \nby @MarkPAuthor \nget it now  https://t.co/3PRDwmFsqs\nhttps://t.co/Nh5fGd94lk\n#RT \n#iartg \n#asmsg \n#bookboost\n#reading \n#Adventure""","label:""excitement""","process_text:""Bennett the 2nd book in the series The Chronicles of the White Tower by get it now RT iartg asmsg bookboost reading Adventure""}",,,,,
"{""_id"":{""$oid"":""5e6da4808cd9f4f03b49f8ab""}","original_text:""Get two #greatreads for your #Kindle\n\nWhat Sets Us Apart - https://t.co/BuJglV8UIb\nOne Last Look - https://t.co/RFA2OIf0H1\n\n#ebooks #kindlebooks #kindledeals #Kindle\n#booksale #storyteller #reading #novels\n#thrillers #adventure""","label:""excitement""","process_text:""Get two greatreads for your Kindle What Sets Us Apart One Last Look ebooks kindlebooks kindledeals Kindle booksale storyteller reading novels thrillers adventure""}",,,,,
"{""_id"":{""$oid"":""5e6da4968cd9f4f03b49f8ac""}","original_text:""Spring Snow! ‚ùÑ‚ùÑ\n#luxurydestination #ninefurlongs #luxuryresorts #himalayas #incredibleindia #binsar #mountain #Instatravel #travel #luxury #nature #vacation #ecofriendly #uttrakhand #peaceful #birdsanctuary #relaxation #beauty #tourism #adventure #wanderlust #traveldiaries https://t.co/sccqUlsHDy""","label:""excitement""","process_text:""Spring Snow luxurydestination ninefurlongs luxuryresorts himalayas incredibleindia binsar mountain Instatravel travel luxury nature vacation ecofriendly uttrakhand peaceful birdsanctuary relaxation beauty tourism adventure wanderlust traveldiaries""}",,,,,
"{""_id"":{""$oid"":""5e6da4a98cd9f4f03b49f8ad""}","original_text:""Head towards #thefunvalley with your friends and family for an out of the world experience üòÉ\n\nBook your tickets now : +91-9897899000", +91-9897899001,\n+91-9897899002, +91-9897899003 ,"+91-9897899004\nVisit : https://t.co/qpThrf5EkP\n\n#Friends #Family #Fun #Masti #Adventure #Amuse https://t.co/N7Cy0wmHvi""","label:""excitement""","process_text:""Head towards thefunvalley with your friends and family for an out of the world experience Book your tickets now 91 989789900 91 9897899001 91 9897899002 91 9897899003 91 9897899004 Visit Friends Family Fun Masti Adventure Amuse""}",
"{""_id"":{""$oid"":""5e6da4c18cd9f4f03b49f8ae""}","original_text:""Bertha locket dog husband maybe\nüßôüèª‚Äç‚ôÇÔ∏è‚öîÔ∏èüßôüèª‚Äç‚ôÇÔ∏è\n#dungeonsanddragons #gamenight #dndmemes  #dice #adventure  #meme #druid https://t.co/0igXDmZMYZ""","label:""excitement""","process_text:""Bertha locket dog husband maybe dungeonsanddragons gamenight dndmemes dice adventure meme druid""}",,,,,
"{""_id"":{""$oid"":""5e6da4d98cd9f4f03b49f8af""}","original_text:""He's cheeky"," ingenious and running for his life in a quest to marry his true love.\nJourney to #alien #planets with #Bunzaud!\n#Book and medallion set now available at The Alien Channel Store.\n#scifi #space #adventure #paranormal #paperback #family #reading\nhttps://t.co/lKNPSuh8gp https://t.co/j6kzoCA85m""","label:""excitement""","process_text:""He s cheeky ingenious and running for his life in a quest to marry his true love Journey to alien planets with Bunzaud Book and medallion set now available at The Alien Channel Store scifi space adventure paranormal paperback family reading""}",,,,
"{""_id"":{""$oid"":""5e6da4f28cd9f4f03b49f8b0""}","original_text:""#FREE 50","000 word #YAFantasy prequel 'Frozen to the Core‚Ä?https://t.co/eZtJzCtUZ1 #YAFantasy #bookworm #books #YA #BookGiveaway\n#FreeReading #FreeReads\n#Dragons #fantasyreaders #fantasylovers #YoungAdult #ebooks #Action #Adventure #Magic #Fantasy https://t.co/5iVLScXoO3""","label:""excitement""","process_text:""FREE 50 00 word YAFantasy prequel Frozen to the Core YAFantasy bookworm books YA BookGiveaway FreeReading FreeReads Dragons fantasyreaders fantasylovers YoungAdult ebooks Action Adventure Magic Fantasy""}",,,,
"{""_id"":{""$oid"":""5e6da5108cd9f4f03b49f8b1""}","original_text:""TODAY'S THOUGHT!!!\n\n#futureset #machinelearning #deeplearning #career #engineering #free_community #motivation #interesting #facts #courses https://t.co/43SRyUf2PP""","label:""excitement""","process_text:""TODAY S THOUGHT futureset machinelearning deeplearning career engineering free community motivation interesting facts courses""}",,,,,
"{""_id"":{""$oid"":""5e6da52e8cd9f4f03b49f8b2""}","original_text:""Our event tonight with @DuttyMoonshine Big Band goes ahead.  We‚Äôre excited and going to party like it‚Äôs our last chance for a while!! Support from @loganandmanley and @funke2tonebaby  - doors 7pm - tickets only the door ¬£17 x #excited""","label:""excitement""","process_text:""Our event tonight with Big Band goes ahead We are excited and going to party like it is our last chance for a while Support from and doors 7pm tickets only the door 17 x excited""}",,,,,
"{""_id"":{""$oid"":""5e6da5498cd9f4f03b49f8b3""}","original_text:""Now we have been denied from #frenchpolynesia and from #newzealand ... at the moment no one knows where we are headed (definitely West"," currently). #norwegianjewel #cruiselife #covid_19 #adventure https://t.co/4oU1KIkiNy""","label:""excitement""","process_text:""Now we have been denied from frenchpolynesia and from newzealand at the moment no one knows where we are headed definitely West currently norwegianjewel cruiselife covid 19 adventure""}",,,,
"{""_id"":{""$oid"":""5e6da5868cd9f4f03b49f8b5""}","original_text:""The merging of humans and AI is inevitable.\n2030thefilm @iamFM2030\n#martykohn #ibmwatson #excited #worried #artificialintelligence #integration #thefutureiscomingsoon #futuretechnology #theinternetofthings https://t.co/iIkw2isOrh""","label:""excitement""","process_text:""The merging of humans and AI is inevitable 2030thefilm martykohn ibmwatson excited worried artificialintelligence integration thefutureiscomingsoon futuretechnology theinternetofthings""}",,,,,
"{""_id"":{""$oid"":""5e6da5b08cd9f4f03b49f8b6""}","original_text:""Amazon Launches Subsidized Display Promoting.\n\n#Business #Success #BusinessOwner #OnlineBusiness #ThinkBig #Startup #Businessman #SmallBusiness #InternetBusiness #Entrepreneur #Entrepreneurship #WontStop #Mindset #Hustle #Freedom #Coaching #Ambition\n\nhttps://t.co/1ykSdZnwJ4""","label:""excitement""","process_text:""Amazon Launches Subsidized Display Promoting Business Success BusinessOwner OnlineBusiness ThinkBig Startup Businessman SmallBusiness InternetBusiness Entrepreneur Entrepreneurship WontStop Mindset Hustle Freedom Coaching Ambition""}",,,,,
"{""_id"":{""$oid"":""5e6da5cd8cd9f4f03b49f8b7""}","original_text:""To celebrate #StPatricksDay I'm giving away free copies of Quantum. The Kindle version will be free March 14-18. \n#Ireland #flying #freebooks #travel #adventure #timetravel \nhttps://t.co/mCOKc9bWRt https://t.co/J2WrxL1sQI""","label:""excitement""","process_text:""To celebrate StPatricksDay I m giving away free copies of Quantum The Kindle version will be free March 14 18 Ireland flying freebooks travel adventure timetravel""}",,,,,
"{""_id"":{""$oid"":""5e6da5e48cd9f4f03b49f8b8""}","original_text:""TBT"," I'm loving #PokemonSwordandShield so much that we are going to continue our playthrough of Shield tonight!\n\nhttps://t.co/TBzeKFvV0y\n\n#Twitch #Streaming #NintendoSwitch #Follow #Gaming #LetsPlay #Pokemon #Adventure #Noob #LookingForARealTwitchTeamNotAContentTeamPleaseInboxMe https://t.co/YLdNakdXBt""","label:""excitement""","process_text:""TBT I m loving PokemonSwordandShield so much that we are going to continue our playthrough of Shield tonight Twitch Streaming NintendoSwitch Follow Gaming LetsPlay Pokemon Adventure Noob LookingForARealTwitchTeamNotAContentTeamPleaseInboxMe""}",,,,
"{""_id"":{""$oid"":""5e6da5fe8cd9f4f03b49f8b9""}","original_text:""#KGFChapter2 #KGFChapter2OnOct23 \n#Excited #superexcited #adil607 #607 \n.\n.\n@shamimadil607 üëàüèªüëàüèª MUST FOLLOW \n.\n.\nTHANK UHH ‚ù§‚ù§ https://t.co/492PMO0IJg""","label:""excitement""","process_text:""KGFChapter2 KGFChapter2OnOct23 Excited superexcited adil607 607 MUST FOLLOW THANK UHH""}",,,,,
"{""_id"":{""$oid"":""5e6da6178cd9f4f03b49f8ba""}","original_text:""Live with no excuses and travel with no regrets. üß≥\nBeƒçej"," #Serbia üèôÔ∏è\n#FridayFeeling #travelphotography #lifegoals #adventure #vacation https://t.co/yfm4bA7GPj""","label:""excitement""","process_text:""Live with no excuses and travel with no regrets Be ej Serbia FridayFeeling travelphotography lifegoals adventure vacation""}",,,,
"{""_id"":{""$oid"":""5e6da62f8cd9f4f03b49f8bb""}","original_text:""Due to popular demand"," we created the most comprehensive guide on the planet containing the best #hiking packs for tall folks! Mush useful info in there. Enjoy!\n\nhttps://t.co/az2qz5b0wK\n\n#hikinggear #backpacks #tall #travel #backpacking #adventure""","label:""excitement""","process_text:""Due to popular demand we created the most comprehensive guide on the planet containing the best hiking packs for tall folks Mush useful info in there Enjoy hikinggear backpacks tall travel backpacking adventure""}",,,,
"{""_id"":{""$oid"":""5e6da6488cd9f4f03b49f8bc""}","original_text:""The Jahangir Mahal in Orchha is an excellent #fusion of Indo-islamic #architecture. It was built in 17th century by Bundela ruler Bit Singh Deo. It was built in honour of the Mughal Emperor Jahangir #travel #travelblogger #MPTourism #IncredibleIndia #adventure #tourist #heritage https://t.co/zMYk5ssaIj""","label:""excitement""","process_text:""The Jahangir Mahal in Orchha is an excellent fusion of Indo islamic architecture It was built in 17th century by Bundela ruler Bit Singh Deo It was built in honour of the Mughal Emperor Jahangir travel travelblogger MPTourism IncredibleIndia adventure tourist heritage""}",,,,,
"{""_id"":{""$oid"":""5e6da6618cd9f4f03b49f8bd""}","original_text:""Calling all space enthusiasts! üöÄüë®‚ÄçüöÄüî≠\n\nWe are looking for teams of 3 children (aged 10-12) to take part in an exciting NEW space travel action adventure game show!\n\nTo find out more go to https://t.co/02vUeACPUt\n\n#scienceweek2020 #Space #STEM #astronaut #adventure https://t.co/hwBYLk0s1S""","label:""excitement""","process_text:""Calling all space enthusiasts We are looking for teams of 3 children aged 10 12 to take part in an exciting NEW space travel action adventure game show To find out more go to scienceweek2020 Space STEM astronaut adventure""}",,,,,
"{""_id"":{""$oid"":""5e6da6828cd9f4f03b49f8be""}","original_text:""The Last Night isn't released yet. Game aesthetics is some magical mix with #pixel #art and #neon.\n\n#TheLastNight #pixelart #gaming #adventure #dystopian https://t.co/lXlzVk3TSb""","label:""excitement""","process_text:""The Last Night isn t released yet Game aesthetics is some magical mix with pixel art and neon TheLastNight pixelart gaming adventure dystopian""}",,,,,
"{""_id"":{""$oid"":""5e6da6a18cd9f4f03b49f8bf""}","original_text:""Very happy with my @AngusandOink rubs and sauce today. Looking forward to flashing up the @NapoleonGrills for sampling my new flavours. #excited #summerscoming https://t.co/sMHuvyTQ0r""","label:""excitement""","process_text:""Very happy with my rubs and sauce today Looking forward to flashing up the for sampling my new flavours excited summerscoming""}",,,,,
"{""_id"":{""$oid"":""5e6da6bc8cd9f4f03b49f8c0""}","original_text:""SHOVEL KNIGHT vs. HOLLOW KNIGHT !!\nWHO SURVIVES in a fight to the death??üò±üò±\nVOTEüí•üí•\n\n#VideoGameDeathMatch #indiegame #indiegames #gaming #games #indiedev #video #game #videogame #nintendo #nintendoswitch #action #adventure #metroidvania #platformer #shovelknight #hollowknight""","label:""excitement""","process_text:""SHOVEL KNIGHT vs HOLLOW KNIGHT WHO SURVIVES in a fight to the death VOTE VideoGameDeathMatch indiegame indiegames gaming games indiedev video game videogame nintendo nintendoswitch action adventure metroidvania platformer shovelknight hollowknight""}",,,,,
"{""_id"":{""$oid"":""5e6da6d58cd9f4f03b49f8c1""}","original_text:""The big challenge you're having difficulties solving may be because you're doing it alone.\n\nYou may do better in a team. Humans were created for connections not isolation. \n\n#SuccessPower #Ambition #PersonalGrowth #BusinessSuccess https://t.co/QMDWPkBcq2""","label:""excitement""","process_text:""The big challenge you re having difficulties solving may be because you re doing it alone You may do better in a team Humans were created for connections not isolation SuccessPower Ambition PersonalGrowth BusinessSuccess""}",,,,,
"{""_id"":{""$oid"":""5e6da6f18cd9f4f03b49f8c2""}","original_text:""FREE! Al Clark-Christopher's Journal.(The Prequel) is Perma FREE\nhttps://t.co/nXNNAnfRYE\n~~~\nAl Clark (Book One) is\nFREE Mar. 9 - 13.\nhttps://t.co/wAB2DFJfdG\nDownload both now and begin the Adventure.\n#SciFi #ScienceFiction #Adventure #RIOP #SFRTG #ASMSG #BookBoost #spaceopera https://t.co/9einGUdSfP""","label:""excitement""","process_text:""FREE Al Clark Christopher s Journal The Prequel is Perma FREE Al Clark Book One is FREE Mar 9 13 Download both now and begin the Adventure SciFi ScienceFiction Adventure RIOP SFRTG ASMSG BookBoost spaceopera""}",,,,,
"{""_id"":{""$oid"":""5e6da70a8cd9f4f03b49f8c3""}","original_text:""The Sirensong Sea üì∏\n.\n.\n.\n#ffxiv #finalfantasyxiv #finalfantasy #mmorpg #videogames #instagame #game #games #gamer #gaming #pc #ps4 #screenshot #photography #virtualphotography #photoofday #adventure #enjoy #instagood https://t.co/R458qYEeN8 https://t.co/Kq2uECXfFG""","label:""excitement""","process_text:""The Sirensong Sea ffxiv finalfantasyxiv finalfantasy mmorpg videogames instagame game games gamer gaming pc ps4 screenshot photography virtualphotography photoofday adventure enjoy instagood""}",,,,,
"{""_id"":{""$oid"":""5e6da7278cd9f4f03b49f8c4""}","original_text:""Cosy Cottage for Two!! \n#luxurydestination #ninefurlongs #luxuryresorts #himalayas #incredibleindia #binsar #mountain #Instatravel #travel #luxury #nature  #ecofriendly #nature #uttrakhand #birdsanctuary¬† #heritage #travel #tourism  #adventure #wanderlust #traveldiaries https://t.co/EXffNwrEKl""","label:""excitement""","process_text:""Cosy Cottage for Two luxurydestination ninefurlongs luxuryresorts himalayas incredibleindia binsar mountain Instatravel travel luxury nature ecofriendly nature uttrakhand birdsanctuary heritage travel tourism adventure wanderlust traveldiaries""}",,,,,
"{""_id"":{""$oid"":""5e6da7418cd9f4f03b49f8c5""}","original_text:""In Legacies", you cannot protect the entire ocean," choose what to protect &amp; learn how it effects the marine ecosystem.\n\n#LegaciesTheGame #conservation #IndieGameDev #Explore #adventure #videogame https://t.co/YsJwmHpad2""","label:""excitement""","process_text:""In Legacies you cannot protect the entire ocean choose what to protect amp learn how it effects the marine ecosystem LegaciesTheGame conservation IndieGameDev Explore adventure videogame""}",,,
"{""_id"":{""$oid"":""5e6da7588cd9f4f03b49f8c6""}","original_text:""Will be having a panel discussion later today at MUBS thanks to the Africa Youth Leadership Forum for inviting me"," it starts from 8am to 5pm.\n\nLet's Link-up interact and network üòä #excited. https://t.co/Cc56yR6thS""","label:""excitement""","process_text:""Will be having a panel discussion later today at MUBS thanks to the Africa Youth Leadership Forum for inviting me it starts from 8am to 5pm Let s Link up interact and network excited""}",,,,
"{""_id"":{""$oid"":""5e6da7798cd9f4f03b49f8c7""}","original_text:""A young man's life is changed forever when he guides his truck down The Gravel Road - https://t.co/M0CjdY9BXo\n#IARTG #BookBoost #WritingCommunity #novel #newadult #action #adventure #KindleUnlimited @ReadingIsOurPas https://t.co/TngYqw3ILj""","label:""excitement""","process_text:""A young man s life is changed forever when he guides his truck down The Gravel Road IARTG BookBoost WritingCommunity novel newadult action adventure KindleUnlimited""}",,,,,
"{""_id"":{""$oid"":""5e6da7908cd9f4f03b49f8c8""}","original_text:""&gt; TR Davis is the #author of\n\""Flashback\"" #action #adventure\n\""Confessions\"" #mystery\n\""Plop &amp; Shoot: Microstock Food #Photography for Beginners\""\nhttps://t.co/Jp4UhXKWsk\n#amreading @photominer\n#iartg #asmsg #ian1\nhttps://t.co/z3PEFQlkkA""","label:""excitement""","process_text:""gt TR Davis is the author of Flashback action adventure Confessions mystery Plop amp Shoot Microstock Food Photography for Beginners amreading iartg asmsg ian1""}",,,,,
"{""_id"":{""$oid"":""5e6da7a98cd9f4f03b49f8c9""}","original_text:""Most people are on the world"," not in it -  John Muir\n\n#lofihiphop #lofi #lofibeats #lofimusic #relaxingmusic #relax #chillmusic #adventure #vacation #relaxing #music #sky #holiday #travel #destination #sunset #paradise #view #photography #photo #nature https://t.co/vOirQSGfpC""","label:""excitement""","process_text:""Most people are on the world not in it John Muir lofihiphop lofi lofibeats lofimusic relaxingmusic relax chillmusic adventure vacation relaxing music sky holiday travel destination sunset paradise view photography photo nature""}",,,,
"{""_id"":{""$oid"":""5e6da7ca8cd9f4f03b49f8ca""}","original_text:""Free on Kindle Unlimited", or buy for just $0.99.  Fun," fast-paced science fiction fantasy adventure. #kindleunlimited #kindle #kindledeals #kindlebargains #fantasy #scifi #sciencefiction #adventure  https://t.co/cUR4pYd53s""","label:""excitement""","process_text:""Free on Kindle Unlimited or buy for just 0 99 Fun fast paced science fiction fantasy adventure kindleunlimited kindle kindledeals kindlebargains fantasy scifi sciencefiction adventure""}",,,
"{""_id"":{""$oid"":""5e6da7eb8cd9f4f03b49f8cb""}","original_text:""The Necromancer's Prison is a #scifi #fantasy #action #adventure with a #strongfemaleMC full of chases and shootouts"," mystery and betrayal! \n\nCheck out reviews on Amazon. It's free on KU! https://t.co/ZHlU30hDtf""","label:""excitement""","process_text:""The Necromancer s Prison is a scifi fantasy action adventure with a strongfemaleMC full of chases and shootouts mystery and betrayal Check out reviews on Amazon It s free on KU""}",,,,
"{""_id"":{""$oid"":""5e6da80a8cd9f4f03b49f8cc""}","original_text:""My #Featured #Project this week:\n\n@DungeonsOfEdera a beautiful procedural dungeon crawling rogue-like from @mtoothstudios\n\nWishlist on Steam! https://t.co/w9wiBxyNbE\n\n#indiegame #gamedev #VideoGames #RGSfeat #dungeon #adventure #arpg #roguelike""","label:""excitement""","process_text:""My Featured Project this week a beautiful procedural dungeon crawling rogue like from Wishlist on Steam indiegame gamedev VideoGames RGSfeat dungeon adventure arpg roguelike""}",,,,,
"{""_id"":{""$oid"":""5e6da8228cd9f4f03b49f8cd""}","original_text:""It‚Äôs #OFFICIAL #EXCITED I have my very own #charmbracelet #talisman Lisa Appleton Collection ‚Ä?which I collaborated with @BrynCJHammond on and it‚Äôs on #sale NOW! Protect yourselves üòá‚ù§Ô∏èCondition is New with tags. Dispatched Royal Mail 1st Class Thank you https://t.co/UW6ClaxXRH""","label:""excitement""","process_text:""It is OFFICIAL EXCITED I have my very own charmbracelet talisman Lisa Appleton Collection which I collaborated with on and it is on sale NOW Protect yourselves Condition is New with tags Dispatched Royal Mail 1st Class Thank you""}",,,,,
"{""_id"":{""$oid"":""5e6da8398cd9f4f03b49f8ce""}","original_text:""Different than most books"," yet a story that's intimately relatable.\n\n#EcoFiction  #Adventure  #Nature\nDetails at: https://t.co/oFiqH9iZyW https://t.co/ueMMsDrjiH""","label:""excitement""","process_text:""Different than most books yet a story that s intimately relatable EcoFiction Adventure Nature Details at""}",,,,
"{""_id"":{""$oid"":""5e6da8588cd9f4f03b49f8cf""}","original_text:""We all get book reviews we‚Äôre ‚Äòexpecting‚Ä?to receive.\nComplimentary words are more special when the writer‚Äôs unknown", the review unexpected.\nHere‚Äôs such an example.\nhttps://t.co/h2VWPqwIDg\nHuge thanks, &amp; appreciation," to Tammy. \nWhoever she is.\n#western #NewMexico #adventure https://t.co/mJU0q39BRM""","label:""excitement""","process_text:""We all get book reviews we are expecting to receive Complimentary words are more special when the writer is unknown the review unexpected Here is such an example Huge thanks amp appreciation to Tammy Whoever she is western NewMexico adventure""}",,
"{""_id"":{""$oid"":""5e6da8708cd9f4f03b49f8d0""}","original_text:""Coach Jose on his Infinity SUP B-Line 6.11x23 at 69L\n#supsurfcoaching #supcoachingresort #nature #travel #fun #fitness #beach #adventure #surf #supsurf #surfing #coaching #adventuretime #costarica #standuppaddle #sup #surfinglife #paddleboard #paddlesurf #standuppaddleboard https://t.co/9LhBsFjH6B""","label:""excitement""","process_text:""Coach Jose on his Infinity SUP B Line 6 11x23 at 69L supsurfcoaching supcoachingresort nature travel fun fitness beach adventure surf supsurf surfing coaching adventuretime costarica standuppaddle sup surfinglife paddleboard paddlesurf standuppaddleboard""}",,,,,
"{""_id"":{""$oid"":""5e6da88d8cd9f4f03b49f8d1""}","original_text:""The Oric Trilogy Boxset - suitable for teens"," young adults and adults\n\nAmazon Best Selling Author Lesley Wilson \nhttps://t.co/RfuOKu2B35\n\nNewsletter sign up https://t.co/DcJTNUvQEy\n\n#british #irish #historical #literature #fiction #action #adventure #medieval https://t.co/uEYFs8mu70""","label:""excitement""","process_text:""The Oric Trilogy Boxset suitable for teens young adults and adults Amazon Best Selling Author Lesley Wilson Newsletter sign up british irish historical literature fiction action adventure medieval""}",,,,
"{""_id"":{""$oid"":""5e6da8a68cd9f4f03b49f8d2""}","original_text:""Can't wait to see you live on Twitch the evening of March 18th to celebrate the re-opening of the pre-order store!\n\n#sagaoflucimia #mmorpg #newbie #indie #indiegame #indiedev #gamedev #unity #unity3d #exploration #adventure #twitch #livestreaming #twitchgaming https://t.co/AmKTd8e4aS""","label:""excitement""","process_text:""Can t wait to see you live on Twitch the evening of March 18th to celebrate the re opening of the pre order store sagaoflucimia mmorpg newbie indie indiegame indiedev gamedev unity unity3d exploration adventure twitch livestreaming twitchgaming""}",,,,,
"{""_id"":{""$oid"":""5e6da8be8cd9f4f03b49f8d3""}","original_text:""üáßüá¥\nHave you ever heard of #Asayere? aka #warrior #ladies üë©üèø‚Äç‚úàÔ∏è\n\nHere is an #episode from the #AkwamuTa1730\n1728-30\n\n... oral #history #HERstory\n... more #exciting than #Netflix\n\nüíö üíõ ‚ù§Ô∏è\n@nanayaalive @wunpini_fm @Okaikor @BlackFeminisms @MisBeee @Miishe_arts @MOTACGhana https://t.co/iV7RkMmFoq""","label:""excitement""","process_text:""Have you ever heard of Asayere aka warrior ladies Here is an episode from the AkwamuTa1730 1728 30 oral history HERstory more exciting than Netflix fm arts""}",,,,,
"{""_id"":{""$oid"":""5e6da8d68cd9f4f03b49f8d4""}","original_text:""#Oscars  inspired this line! #NewRelease #fairytale #adventure #story set in #Alaska\n\nThis cape had become Stella. Bold", Bright, Daring, Red! It was a girl in a story-book. Stella was a star on the red carpet, in Hollywood...\n‚Ä?Suzy Davies," The Girl in The Red Cape""","label:""excitement""","process_text:""Oscars inspired this line NewRelease fairytale adventure story set in Alaska This cape had become Stella Bold Bright Daring Red It was a girl in a story book Stella was a star on the red carpet in Hollywood Suzy Davies The Girl in The Red Cape""}"
