"{""_id"":{""$oid"":""5e6d129a3d1e562006d92937""}","original_text:""Free to use! #fortnitethumbnails #fortnitethumbnail #fortnite3dthumbnail #fortnitegfx #fortniteart #fortnite #fortniteclips #fortnitebr #fortniteme #fortnitedance #fortniteps4 #fortnitebattleroyale #fortnitesniping #likeforlikes #love #art #gfx #fortnitegameplay #Blender3D https://t.co/nnSsxHR8Eh""","label:""happy""","process_text:""Free to use fortnitethumbnails fortnitethumbnail fortnite3dthumbnail fortnitegfx fortniteart fortnite fortniteclips fortnitebr fortniteme fortnitedance fortniteps4 fortnitebattleroyale fortnitesniping likeforlikes love art gfx fortnitegameplay Blender3D""}",,,,,,,,,
"{""_id"":{""$oid"":""5e6d129a3d1e562006d92938""}","original_text:""@GirlsGeneration TAEYEON Digital Single \""HAPPY\"" Image Teaser\n\nhttps://t.co/AMfzDc1WjP\nhttps://t.co/Vfnw8gVvb3\nhttps://t.co/b0xFXCcOEs\nhttps://t.co/TcRHKCbAoW\n\nHQ\nhttps://t.co/Q2p4Sy3M3d\nhttps://t.co/M8uU6pL0BB\nhttps://t.co/7YQrJ74O0O\nhttps://t.co/oPGmwWmqE9\n\n#Happy #Taeyeon #ÌÉúÏó∞ #ÏÜåÎÖÄÏãúÎåÄ https://t.co/7V6TGt6EJ8""","label:""happy""","process_text:""TAEYEON Digital Single HAPPY Image Teaser HQ Happy Taeyeon""}",,,,,,,,,
"{""_id"":{""$oid"":""5e6d129d3d1e562006d9293b""}","original_text:""Always #BeThankful sometime the #Inhumanity turns into #blessing have #faith God always helps"," \n#SundayMotivation #SundayThoughts #joy #JoyTrain #SuccessTRAIN \n@KariJoys @gary_hensel @Sunita_Says_ @ahmednkhan @kalimullah2 \nNever lose #hope #selfreliance \nPeace üåø and  ü•Ä love https://t.co/H8D5zCaIH8""","label:""happy""","process_text:""Always BeThankful sometime the Inhumanity turns into blessing have faith God always helps SundayMotivation SundayThoughts joy JoyTrain SuccessTRAIN hensel Says Never lose hope selfreliance Peace and love""}",,,,,,,,
"{""_id"":{""$oid"":""5e6d129e3d1e562006d9293c""}","original_text:""You deserve hugs ü§ó‚ù§Ô∏è                #365newhugs ü§ó‚ù§Ô∏è                      #JoyTrain #Joy #SuccessTRAIN #FamilyTrain #GoldenHearts        #TuesdayThoughts #IAM #love https://t.co/zozlHYMGyx""","label:""happy""","process_text:""You deserve hugs 365newhugs JoyTrain Joy SuccessTRAIN FamilyTrain GoldenHearts TuesdayThoughts IAM love""}",,,,,,,,,
"{""_id"":{""$oid"":""5e6d129f3d1e562006d9293d""}","original_text:""@Cynthia55678360 @BarbaraLoraineN @Muhamma53074277 @LisaTruthJohns @rpskataria @mukulnandi1972 @1228erin @melanie_korach @PoloOrtiz9 @BabyGo2014 @malvenkaseke1 @LUTLjerry @ReikiArthur @PrachiMalik @Dianne__LadyD @b_and_s_designs @roamingpiscean @JanetNestor @Inspireu2Action @janisexton @Gaurav0801 @Hello2U8 @Lisandre_Moreau @Voieinterieure @gede_prama @pkamla1 @cherylcorless41 @GiGiBclub @loveGoldenHeart @alexdomelle @madblack65 @cassiepullman @Fsxdoll @tmotola @mindfulheal @MohdMuzzammilK @KariJoys @Laurettamylove @mscator @joybellabella @gary_hensel @eralbertson @HOLLYJBIRD @coachmekat @Joan_Kappes @sentii2013 @suziday123 @MyPowertalk @1227erin Start everyday with an #attitude of #gratitude \n\n#JesseLewisChooseLoveMovement\n#LightUpTheLove #Love\n#TuesdayThoughts\n#WednesdayWisdom\n#ThursdayThoughts\n#JoyTRAIN #GoldenHearts\n#ChooseLove\n#FamilyTrain\n#StarFishClub\n#IAMChoosingLove https://t.co/vDYmp63c4e""","label:""happy""","process_text:""korach LadyD and s designs Moreau prama hensel Kappes Start everyday with an attitude of gratitude JesseLewisChooseLoveMovement LightUpTheLove Love TuesdayThoughts WednesdayWisdom ThursdayThoughts JoyTRAIN GoldenHearts ChooseLove FamilyTrain StarFishClub IAMChoosingLove""}",,,,,,,,,
"{""_id"":{""$oid"":""5e6d12a03d1e562006d9293e""}","original_text:""there is something of the marvelous in all things nature\n\n„Ä∞Ô∏è aristotle „Ä∞Ô∏è\n\n#myphoto #photo #photographer #nature  #NaturePhotography  #mentalhealth #MentalHealthAwareness #gratitude #JOY #JoyTrain #TuesdayMorning #TuesdayThoughts #TuesdayMotivation #InspirationalQuotes https://t.co/HNS8VM5FNU""","label:""happy""","process_text:""there is something of the marvelous in all things nature aristotle myphoto photo photographer nature NaturePhotography mentalhealth MentalHealthAwareness gratitude JOY JoyTrain TuesdayMorning TuesdayThoughts TuesdayMotivation InspirationalQuotes""}",,,,,,,,,
"{""_id"":{""$oid"":""5e6d12a23d1e562006d9293f""}","original_text:""I hate to brag but I have to show off my beautiful boy this Morning üåûüå¥üêæüê∫\nWe are up and about already The sun is shining It's beautiful supposed to go into the '80s today Love my Florida üòöüå¥üêæüê∫üñ§\nAnd I love my boy üêæüêæ\n#PawsUp üêæüêæ\n#Paws a four letter word for #Loveüêæüê∫ https://t.co/L7LbhiP8lX""","label:""happy""","process_text:""I hate to brag but I have to show off my beautiful boy this Morning We are up and about already The sun is shining It s beautiful supposed to go into the 80s today Love my Florida And I love my boy PawsUp Paws a four letter word for Love""}",,,,,,,,,
"{""_id"":{""$oid"":""5e6d12a33d1e562006d92940""}","original_text:""A bit of love can do wonders! Here's to the moments that made us skip a beat! \n\n#Gemini #GeminiSocial #RomanticMashup #Love #Romance https://t.co/rKPO4dxk85""","label:""happy""","process_text:""A bit of love can do wonders Here s to the moments that made us skip a beat Gemini GeminiSocial RomanticMashup Love Romance""}",,,,,,,,,
"{""_id"":{""$oid"":""5e6d12a53d1e562006d92941""}","original_text:""It‚Äôs MY BIRTHDAY-So I decided to go out and have my friend @justjimwarren shoot a picture of me. Sitting on a Rolls-Royce reading-(NOTHING GENERAL\n ABOUT IT)üòéüìñüòé\n#happybirthday 2me#family #love‚Ä?https://t.co/acUnezoSHH""","label:""happy""","process_text:""It is MY BIRTHDAY So I decided to go out and have my friend shoot a picture of me Sitting on a Rolls Royce reading NOTHING GENERAL ABOUT IT happybirthday 2me family love""}",,,,,,,,,
"{""_id"":{""$oid"":""5e6d12a63d1e562006d92942""}","original_text:""Came home to a treasure trove of gorgeous books. Thank you so much kashihousecic. I cannot wait to dive in and to share with my son the history of his heritage. üôèüèº\n.\n.\n.\n#books #love #history #heritage #sikh #art‚Ä?https://t.co/MHpiMXGdyp""","label:""happy""","process_text:""Came home to a treasure trove of gorgeous books Thank you so much kashihousecic I cannot wait to dive in and to share with my son the history of his heritage books love history heritage sikh art""}",,,,,,,,,
"{""_id"":{""$oid"":""5e6d12a83d1e562006d92943""}","original_text:""From #Turkey with #Love üòâ\n\n#AllahAskerimiziKorusun #EsedNerede #OrduMilletOmuzOmuza #BaharKalkanƒ± #Syria #Idlib #SpringShield https://t.co/aMotEZdoFn""","label:""happy""","process_text:""From Turkey with Love AllahAskerimiziKorusun EsedNerede OrduMilletOmuzOmuza BaharKalkan Syria Idlib SpringShield""}",,,,,,,,,
"{""_id"":{""$oid"":""5e6d12aa3d1e562006d92944""}","original_text:""üíú Art Share üíú\n\nI got so much support from you all I wanna give back! So let's make an artshare ‚ò∫Ô∏è I want to see all your lovely art so I can retweet and like it!!\n\nüç´ Retweet \nüç≠ Share your work\nüç¨ Hit the like button like crazy!!! \n\nLet's support each other üíú\n#artshare #love https://t.co/8DmXrfPRv4""","label:""happy""","process_text:""Art Share I got so much support from you all I wanna give back So let s make an artshare I want to see all your lovely art so I can retweet and like it Retweet Share your work Hit the like button like crazy Let s support each other artshare love""}",,,,,,,,,
"{""_id"":{""$oid"":""5e6d12ac3d1e562006d92945""}","original_text:""@roamingpiscean @LisaTruthJohns @Cynthia55678360 @LUTLjerry @SteveHuang68 @1228erin @JanetNestor @alexdomelle @DeborahKozich @Gaurav0801 @mukulnandi1972 @janisexton @loveGoldenHeart @GiGiBclub @LeadwithLoveRRV @BarbaraLoraineN @Lisandre_Moreau @Voieinterieure @cherylcorless41 @madblack65 @cassiepullman @Fsxdoll @tmotola @mindfulheal @MohdMuzzammilK @KariJoys @Inspireu2Action @melanie_korach @Laurettamylove @mscator @joybellabella @gary_hensel @eralbertson @gede_prama @MyPowertalk Everything is possible with a little #love \n\n#JesseLewisChooseLoveMovement\n#LightUpTheLove #LUTL\n#TuesdayThoughts\n#WednesdayWisdom\n#JoyTRAIN #GoldenHearts\n#ChooseLove\n#FamilyTrain\n#StarFishClub\n#IAMChoosingLove https://t.co/DbaZX2HS57""","label:""happy""","process_text:""Moreau korach hensel prama Everything is possible with a little love JesseLewisChooseLoveMovement LightUpTheLove LUTL TuesdayThoughts WednesdayWisdom JoyTRAIN GoldenHearts ChooseLove FamilyTrain StarFishClub IAMChoosingLove""}",,,,,,,,,
"{""_id"":{""$oid"":""5e6d12ae3d1e562006d92946""}","original_text:""If you #love #supercars you need to check out our latest #unboxedlife story where we drive from Ohio to Florida in an #acura #NSX #supercar https://t.co/SKbppCuH91 https://t.co/1rfm6dqGbD""","label:""happy""","process_text:""If you love supercars you need to check out our latest unboxedlife story where we drive from Ohio to Florida in an acura NSX supercar""}",,,,,,,,,
"{""_id"":{""$oid"":""5e6d12b03d1e562006d92947""}","original_text:""Sometimes I`m true #cumslut @ my https://t.co/jlvnj9IIWt -here`s my #hot #adult #amateur #video with #sexy #facial . I`m a #girl who #love #sperm &amp; #swallows ","but my #makeup went off. Real #handjob #massage #cfnm #orgasmcontrol #ruinedorgasm &amp; #cumtribute by LiLu @ #LiLusHandJobs https://t.co/8hDgu5aXiL""","label:""happy""","process_text:""Sometimes I m true cumslut my here s my hot adult amateur video with sexy facial I m a girl who love sperm amp swallows but my makeup went off Real handjob massage cfnm orgasmcontrol ruinedorgasm amp cumtribute by LiLu LiLusHandJobs""}",,,,,,,,
"{""_id"":{""$oid"":""5e6d12b23d1e562006d92948""}","original_text:""Would you like to eat me out? Share your dick pic with me :)\nAnd retweet me ples to post more pic üòçüçëüçÜüçÜüçÜüçÜüçÜ#me #sex #porn #pussy #younggirl #hotgirl #sexchat #dickpic #NewYork #sweden #Stockholm #love #Twitter #follo4folloback https://t.co/RkrLKjZ4HN""","label:""happy""","process_text:""Would you like to eat me out Share your dick pic with me And retweet me ples to post more pic me sex porn pussy younggirl hotgirl sexchat dickpic NewYork sweden Stockholm love Twitter follo4folloback""}",,,,,,,,,
"{""_id"":{""$oid"":""5e6d12b53d1e562006d92949""}","original_text:""HAPPY VALENTINE‚ÄôS DAY üíï Love is a Choice and I choose you. And I'll choose you over and over and over. Without pause", without a doubt, in a heartbeat. I'll keep choosing you because I am who I am because of you," my love ‚ù§Ô∏è #lovequotes #love #loveyou #lifepartner #armandperi https://t.co/v6UK6krghp""","label:""happy""","process_text:""HAPPY VALENTINE S DAY Love is a Choice and I choose you And I ll choose you over and over and over Without pause without a doubt in a heartbeat I ll keep choosing you because I am who I am because of you my love lovequotes love loveyou lifepartner armandperi""}",,,,,,
"{""_id"":{""$oid"":""5e6d12b83d1e562006d9294a""}","original_text:""Love the thought of a French adventure? üìí #SummerinProvence üìí @BoldwoodBooks coming April 2020; pre-order NOW! Fern is off to #Provence"," her husband is heading for Australia - what will happen when they return? #love #family https://t.co/zSDHG1Uue4 https://t.co/R3jynDvq2N""","label:""happy""","process_text:""Love the thought of a French adventure SummerinProvence coming April 2020 pre order NOW Fern is off to Provence her husband is heading for Australia what will happen when they return love family""}",,,,,,,,
"{""_id"":{""$oid"":""5e6d12bb3d1e562006d9294b""}","original_text:""What #joy can you bring to others' lives? \nWhat relief can you share?\nLove with all your heart.\nGive with all your care. \n#JoyTrain #FamilyTrain #Goldenhearts https://t.co/gtJONsPDhm""","label:""happy""","process_text:""What joy can you bring to others lives What relief can you share Love with all your heart Give with all your care JoyTrain FamilyTrain Goldenhearts""}",,,,,,,,,
"{""_id"":{""$oid"":""5e6d12be3d1e562006d9294c""}","original_text:""üíúüíõ‚ö?@AveryBlvck ‚öòüíõüíú\n#PussyObsession #FineAsFuck #SexyAsFuck #Porn #Babe #PussyOfTheDay #Pussy #Pornstar #Cum #Sex #Sexy #Hot #Tits #Boobs #PornVideo #Ass #Love #Beautiful #LoveOfPussy ‚ù§üòç\nüìΩ #Cum4K üé¨üëÅüëÅüî•\nLove ya! ‚ù§‚ù§‚ù?https://t.co/OUX6MFo0dl""","label:""happy""","process_text:""PussyObsession FineAsFuck SexyAsFuck Porn Babe PussyOfTheDay Pussy Pornstar Cum Sex Sexy Hot Tits Boobs PornVideo Ass Love Beautiful LoveOfPussy Cum4K Love ya""}",,,,,,,,,
"{""_id"":{""$oid"":""5e6d12c03d1e562006d9294d""}","original_text:""TAEYEON \""HAPPY\"" Teaser\n\nhttps://t.co/wFW4jWpOJc\nhttps://t.co/gBt26tLezb\n\nhttps://t.co/fMZwN8Sg9x\n#Happy #Taeyeon #ÌÉúÏó∞ #ÏÜåÎÖÄÏãúÎåÄ @GirlsGeneration https://t.co/bdFvCnuxW8""","label:""happy""","process_text:""TAEYEON HAPPY Teaser Happy Taeyeon""}",,,,,,,,,
"{""_id"":{""$oid"":""5e6d12c33d1e562006d9294e""}","original_text:""#PowerOfSayingNo learn to say no more often to achieve #GreaterSuccess train your mind to stop feeling #guilty \n#joy #JoyTrain #SuccessTRAIN #TuesdayMotivation #TuesdayThought \n@KariJoys @gary_hensel @Sunita_Says_ @ahmednkhan \nPeace n love üåøüå∑ https://t.co/nKgokjtuxt""","label:""happy""","process_text:""PowerOfSayingNo learn to say no more often to achieve GreaterSuccess train your mind to stop feeling guilty joy JoyTrain SuccessTRAIN TuesdayMotivation TuesdayThought hensel Says Peace n love""}",,,,,,,,,
"{""_id"":{""$oid"":""5e6d12c63d1e562006d9294f""}","original_text:""¬´¬†Love is the fire of God", he kindles it in the hearts of its servants to burn the whims, ambitions," obstacles and objects of desire¬†¬ª\n\n#JoyTrain #Joy #love #Mindfulness #GoldenHearts #FamilyTrain #IAMChoosingLove #TuesdayWisdom #TuesdayThoughts #TuesdayMotivation #God #IAM""","label:""happy""","process_text:""Love is the fire of God he kindles it in the hearts of its servants to burn the whims ambitions obstacles and objects of desire JoyTrain Joy love Mindfulness GoldenHearts FamilyTrain IAMChoosingLove TuesdayWisdom TuesdayThoughts TuesdayMotivation God IAM""}",,,,,,
"{""_id"":{""$oid"":""5e6d12c93d1e562006d92950""}","original_text:""Sketch of Red Velvet's JOY (Park Sooyoung) and IRENE (Bae Joohyun)\n\nSketched by Me\nInspired by Le.Shabet\n\n#JOY #IRENE #ÏïÑÏù¥Î¶?#Ï°∞Ïù¥ #Î†àÎìúÎ≤®Î≤≥ #RedVelvet #FANART @RVsmtown https://t.co/Bh86G448uI""","label:""happy""","process_text:""Sketch of Red Velvet s JOY Park Sooyoung and IRENE Bae Joohyun Sketched by Me Inspired by Le Shabet JOY IRENE RedVelvet FANART""}",,,,,,,,,
"{""_id"":{""$oid"":""5e6d12cd3d1e562006d92951""}","original_text:""Beautiful glowing palette of colors\n\nClick link for deal\nhttps://t.co/6f6gSykjOa\n\n#makeup #ebayfinds #beautybloggers #makeover #brides #glamour #boutiqueshopping #badhabit #love #Deals https://t.co/R0FrREQF9m""","label:""happy""","process_text:""Beautiful glowing palette of colors Click link for deal makeup ebayfinds beautybloggers makeover brides glamour boutiqueshopping badhabit love Deals""}",,,,,,,,,
"{""_id"":{""$oid"":""5e6d12d03d1e562006d92952""}","original_text:""‚ù¶Letting go of the need to understand is the greatest freedom of all. \n~Anne Scottlin\n#inspirationalquotes #peace #happiness #motivationalquotes #joy #photo #anon https://t.co/ViSt0sm7zD""","label:""happy""","process_text:""Letting go of the need to understand is the greatest freedom of all Anne Scottlin inspirationalquotes peace happiness motivationalquotes joy photo anon""}",,,,,,,,,
"{""_id"":{""$oid"":""5e6d12d43d1e562006d92953""}","original_text:""You'e never fully dressed without a #Smile!\n\n#JoyTrain #Joy #Love #Kindness #MentalHealth #Mindfulness #ChooseLove #Quote #GoldenHearts #IAM  #IQRTG #StarfishClub #SundayThoughts #SundayMorning #SuperSoulSunday #ThinkBIGSundayWithMarsha  Thank you"," Dharma! https://t.co/3JQ8NSXiiT""","label:""happy""","process_text:""You e never fully dressed without a Smile JoyTrain Joy Love Kindness MentalHealth Mindfulness ChooseLove Quote GoldenHearts IAM IQRTG StarfishClub SundayThoughts SundayMorning SuperSoulSunday ThinkBIGSundayWithMarsha Thank you Dharma""}",,,,,,,,
"{""_id"":{""$oid"":""5e6d12d73d1e562006d92954""}","original_text:""@Cynthia55678360 @roamingpiscean @LovemakersF @DeborahKozich @LisaTruthJohns @BarbaraLoraineN @1228erin @JanetNestor @ryan37330062 @LUTLjerry @Goldenvee16 @loveGoldenHeart @alexdomelle @SteveHuang68 @Gaurav0801 @mukulnandi1972 @janisexton @GiGiBclub @LeadwithLoveRRV @Lisandre_Moreau @Voieinterieure @cherylcorless41 @madblack65 @cassiepullman @Fsxdoll @tmotola @mindfulheal @MohdMuzzammilK @KariJoys @Inspireu2Action @melanie_korach @Laurettamylove @mscator @joybellabella @gary_hensel @eralbertson @gede_prama @MyPowertalk Remember", in our inmost being," we are all completely loveable because spirit is #LOVE \n\n#JesseLewisChooseLoveMovement\n#LightUpTheLove\n#TuesdayThoughts\n#WednesdayWisdom\n#JoyTRAIN #GoldenHearts\n#ChooseLove\n#FamilyTrain\n#StarFishClub\n#IAMChoosingLove https://t.co/89ROqB7q8P""","label:""happy""","process_text:""Moreau korach hensel prama Remember in our inmost being we are all completely loveable because spirit is LOVE JesseLewisChooseLoveMovement LightUpTheLove TuesdayThoughts WednesdayWisdom JoyTRAIN GoldenHearts ChooseLove FamilyTrain StarFishClub IAMChoosingLove""}",,,,,,,
"{""_id"":{""$oid"":""5e6d12db3d1e562006d92955""}","original_text:""Always keep your biggest plans as a secret. The simplest suggestion is to continue the task without grabbing much attention.\r#motivational #motivation #motivationalquotes #inspiration #quotes #inspirational #success #love #inspirationalquotes #entrepreneur #quoteoftheday #life https://t.co/49NalB1HvW""","label:""happy""","process_text:""Always keep your biggest plans as a secret The simplest suggestion is to continue the task without grabbing much attention motivational motivation motivationalquotes inspiration quotes inspirational success love inspirationalquotes entrepreneur quoteoftheday life""}",,,,,,,,,
"{""_id"":{""$oid"":""5e6d12df3d1e562006d92956""}","original_text:""My first", the last, my everything\n&amp; the answer to all my dreams\n\nYou're my sun, my moon, my guiding star," my kind of wonderful ...\n\nThat's what you are ...\n\nhttps://t.co/juyJpIomWb\n#BarryWhite #love #music #beautiful https://t.co/d3NXVW2pxM""","label:""happy""","process_text:""My first the last my everything amp the answer to all my dreams You re my sun my moon my guiding star my kind of wonderful That s what you are BarryWhite love music beautiful""}",,,,
"{""_id"":{""$oid"":""5e6d12e43d1e562006d92957""}","original_text:""Happy Valentine‚Äôs Day to all of my wonderful followers‚ù§Ô∏è‚ù§Ô∏è\n.\n.\n.\n\n#art #artist #artshare #drawing #artwork #love #painting #illustration #beach #sunset #sea #travel #sumbeach #beautiful #happy #artoftheday #instagood #famous #fishing #photooftheday #saltlife #florida #palletart https://t.co/RZSykDVlCQ""","label:""happy""","process_text:""Happy Valentine is Day to all of my wonderful followers art artist artshare drawing artwork love painting illustration beach sunset sea travel sumbeach beautiful happy artoftheday instagood famous fishing photooftheday saltlife florida palletart""}",,,,,,,,,
"{""_id"":{""$oid"":""5e6d12e73d1e562006d92958""}","original_text:""You deserve hugs ü§ó‚ù§Ô∏è                #365newhugs ü§ó‚ù§Ô∏è                      #JoyTrain #Joy #SuccessTRAIN #FamilyTrain #GoldenHearts        #TuesdayThoughts #IAM #love""","label:""happy""","process_text:""You deserve hugs 365newhugs JoyTrain Joy SuccessTRAIN FamilyTrain GoldenHearts TuesdayThoughts IAM love""}",,,,,,,,,
"{""_id"":{""$oid"":""5e6d12ec3d1e562006d92959""}","original_text:""https://t.co/KnzlkrEknT üó£üó£üëÄüëÄüé§üé§üò≠üîäüî• LEETTTZZ GO IT'S #SuperTuesday #bamfament #TongueOutTuesday #YouTube #guttawitdasack #music #indieartist #SCmusic #RAPPER #trapmusic #rapmusic #HipHop #challenge2020 #SONMOM MOM DOES #MUSIC #VIDEO TO HER SON #MUSIC #LOVE #PROMO""","label:""happy""","process_text:""LEETTZZ GO IT S SuperTuesday bamfament TongueOutTuesday YouTube guttawitdasack music indieartist SCmusic RAPPER trapmusic rapmusic HipHop challenge2020 SONMOM MOM DOES MUSIC VIDEO TO HER SON MUSIC LOVE PROMO""}",,,,,,,,,
"{""_id"":{""$oid"":""5e6d12f63d1e562006d9295b""}","original_text:""May today be the DAY that ALL the people of #God are provided protection from the wickedness found within this evil dying world. May today be the DAY the #LOVE of #CHRIST #JESUS provides an invisible barrier against those who plot day and night!#Prayer\n\n#JesusSaves #JesusHeals""","label:""happy""","process_text:""May today be the DAY that ALL the people of God are provided protection from the wickedness found within this evil dying world May today be the DAY the LOVE of CHRIST JESUS provides an invisible barrier against those who plot day and night Prayer JesusSaves JesusHeals""}",,,,,,,,,
"{""_id"":{""$oid"":""5e6d12fb3d1e562006d9295c""}","original_text:""I don‚Äôt know where I found this"," but I can relate to it ü§ìü•∞ @AcademicChatter #AcademicChatter #AcademicTwitter #phdchat #love https://t.co/1qADoJ5dnD""","label:""happy""","process_text:""I do not know where I found this but I can relate to it AcademicChatter AcademicTwitter phdchat love""}",,,,,,,,
"{""_id"":{""$oid"":""5e6d13003d1e562006d9295d""}","original_text:""3 GREEN TEA hydration &amp; radiant mask\nüõçüí∏Click üëá for deal üí∏üõç\nhttps://t.co/hSeZcGtAl7\n\n#makeup #glam #beauty #sale #product #USA #Deals #glamour #ebaysales #onlineshopping #like #love #HealthyLiving #skincare #skincareroutine #rejuvenate #beautiful #giftforher #makeupartist https://t.co/mQIH8hKz7x""","label:""happy""","process_text:""3 GREEN TEA hydration amp radiant mask Click for deal makeup glam beauty sale product USA Deals glamour ebaysales onlineshopping like love HealthyLiving skincare skincareroutine rejuvenate beautiful giftforher makeupartist""}",,,,,,,,,
"{""_id"":{""$oid"":""5e6d130a3d1e562006d9295f""}","original_text:""Kirby loves you and wishes you a great day üíÉüèª #kirby #nintendo #love #canon @KirbyInformer @iameIiza @NintendoTweet @Kirby_JP @GoodSmile_US @HAL_Laboratory @dreamlandgem @cinnamoniboni https://t.co/P0eqIwyimU""","label:""happy""","process_text:""Kirby loves you and wishes you a great day kirby nintendo love canon JP US Laboratory""}",,,,,,,,,
"{""_id"":{""$oid"":""5e6d13103d1e562006d92960""}","original_text:""‚ú®‚ú®Good morning my lovely friends! ‚ú®‚ú®\n\nWishing you all a wonderful day with happiness and beautiful moments!\n\n#Family #Friends #friendship #Love #BeHappy #BeKind #CentralStation #Antwerp #Belgium https://t.co/2KH0UiIEk5""","label:""happy""","process_text:""Good morning my lovely friends Wishing you all a wonderful day with happiness and beautiful moments Family Friends friendship Love BeHappy BeKind CentralStation Antwerp Belgium""}",,,,,,,,,
"{""_id"":{""$oid"":""5e6d13163d1e562006d92961""}","original_text:""11 ‚ô?Psychic Lucida ‚ô?11 (twinflamerx) I'm available to do a reading for you on any topic"," especially #LOVE &amp; #SoulConnections #TF https://t.co/Y1FUqjbwRX #bitwine https://t.co/QpDySpPysr""","label:""happy""","process_text:""11 Psychic Lucida 11 twinflamerx I m available to do a reading for you on any topic especially LOVE amp SoulConnections TF bitwine""}",,,,,,,,
"{""_id"":{""$oid"":""5e6d131c3d1e562006d92962""}","original_text:""Keep smiling with your head held high. The world is your runway üíÅ‚Äç‚ôÄÔ∏?... #motivational #motivation #motivationalquotes #inspiration #quotes #inspirational #success #love #inspirationalquotes #makeup #quoteoftheday‚Ä?https://t.co/oFTiOrJqK8""","label:""happy""","process_text:""Keep smiling with your head held high The world is your runway motivational motivation motivationalquotes inspiration quotes inspirational success love inspirationalquotes makeup quoteoftheday""}",,,,,,,,,
"{""_id"":{""$oid"":""5e6d13213d1e562006d92963""}","original_text:""Wonderful evening and Good night to everyone ü§ôüèÑüèª‚Äç‚ôÇÔ∏èüèÑ‚Äç‚ôÄÔ∏?üò¥  #BeachCamping \n#Sunset #Water #Surf #SaltLife #Playa #Ocean #VitaminSea ‚Å†‚Å† ‚Å†‚Å† ‚Å†‚Å† #Goodvibesonly #SweetDreams #Love #TiAmo #Enjoytheview https://t.co/3Eukodp0lU""","label:""happy""","process_text:""Wonderful evening and Good night to everyone BeachCamping Sunset Water Surf SaltLife Playa Ocean VitaminSea Goodvibesonly SweetDreams Love TiAmo Enjoytheview""}",,,,,,,,,
"{""_id"":{""$oid"":""5e6d13283d1e562006d92964""}","original_text:""BITCH!!! ‚ùå‚≠ïÔ∏è‚ùå\n\n#love #passion #picture #photo #social #instagram #fashion #blogger #followers #influencer #people #friends #FF #l4l #instafollow #tagforlikes  #online #instagood #tbt #photooftheday #style #bitch https://t.co/kG0Y4MmD3k""","label:""happy""","process_text:""BITCH love passion picture photo social instagram fashion blogger followers influencer people friends FF l4l instafollow tagforlikes online instagood tbt photooftheday style bitch""}",,,,,,,,,
"{""_id"":{""$oid"":""5e6d132f3d1e562006d92965""}","original_text:""What a lovely place ü•∞üî•üí•üèû\n.\n.\n.\n.\n#sun #travel #waterfall #nature #positivevibes #love #summer #cool #photooftheday #instagood #instagramer #instaphoto #costarica #river @ Cataratas Los Chorros https://t.co/hvZMko3Btm""","label:""happy""","process_text:""What a lovely place sun travel waterfall nature positivevibes love summer cool photooftheday instagood instagramer instaphoto costarica river Cataratas Los Chorros""}",,,,,,,,,
"{""_id"":{""$oid"":""5e6d13363d1e562006d92966""}","original_text:""I caught a cold and might have some allergies. So sleepy.. üí§  Don‚Äôt worry! Mom is taking care of me. ‚ù§Ô∏è #cats #cat #catsofinstagram  #catlover #meow #kitten #pets #kitty #catlovers #love #cute #pet #gatos #catlife #gato #ilovemycat #lovecats #animal #sleepy #CatsOfTwitter https://t.co/BDeDfkOOtG""","label:""happy""","process_text:""I caught a cold and might have some allergies So sleepy Do not worry Mom is taking care of me cats cat catsofinstagram catlover meow kitten pets kitty catlovers love cute pet gatos catlife gato ilovemycat lovecats animal sleepy CatsOfTwitter""}",,,,,,,,,
"{""_id"":{""$oid"":""5e6d133e3d1e562006d92967""}","original_text:""Good morning! Happy #March1st #March2020. \nCan u help 2ward the cost of my #BlackCat Bradley's medicine? \nHe's hyperthyroid &amp; arthritis &amp; we have to top up meds &amp; have his blood tests on Friday.\nhttps://t.co/IL2tlLKiNY\nI work hard but can't make enough. üíî\n#ThankYou #Giving #love https://t.co/fePVPFjDSd""","label:""happy""","process_text:""Good morning Happy March1st March2020 Can u help 2ward the cost of my BlackCat Bradley s medicine He s hyperthyroid amp arthritis amp we have to top up meds amp have his blood tests on Friday I work hard but can t make enough ThankYou Giving love""}",,,,,,,,,
"{""_id"":{""$oid"":""5e6d13453d1e562006d92968""}","original_text:""The word on the street is that you are magnificent"," and that your life is amazing. #JoyTrain #joy #TuesdayMotivation #encouragement #compassion #spirituality #writerslift""","label:""happy""","process_text:""The word on the street is that you are magnificent and that your life is amazing JoyTrain joy TuesdayMotivation encouragement compassion spirituality writerslift""}",,,,,,,,
"{""_id"":{""$oid"":""5e6d134d3d1e562006d92969""}","original_text:""‚ù§Ô∏è  Agree. But it does take practice For sure  üòÄ\n\n#positive #affirmation #positivity #possibilities #positivethinking #happy #motivation  #happiness #dreams #goals #believe #grateful #relaxation #love #solution #kind #gratitude #kindness  #northeasthour‚ù§Ô∏è https://t.co/MYRwaqZP6Q""","label:""happy""","process_text:""Agree But it does take practice For sure positive affirmation positivity possibilities positivethinking happy motivation happiness dreams goals believe grateful relaxation love solution kind gratitude kindness northeasthour""}",,,,,,,,,
"{""_id"":{""$oid"":""5e6d13553d1e562006d9296a""}","original_text:""H.H. the XIV @DalaiLama", #Tibet‚Äôs spiritual leader: If you wish to experience peace," provide #peace for another.\n\n#‰ª?#Î∂ÄÏ≤?#‰Ω?#–ë—É–¥–¥–∞ #Ph·∫≠t #Buddha #Buda #Bouddha #worldpeace #meditation #joy #mindfulness #compassion #love #happiness #zen #awareness \n\n#CHINA #freeTIBET NOW!!! https://t.co/dMuyLTEY9g""","label:""happy""","process_text:""H H the XIV Tibet is spiritual leader If you wish to experience peace provide peace for another Ph t Buddha Buda Bouddha worldpeace meditation joy mindfulness compassion love happiness zen awareness CHINA freeTIBET NOW""}",,,,,,,
"{""_id"":{""$oid"":""5e6d13663d1e562006d9296c""}","original_text:""walk the world and the universe of dark while you shine your light and be proud who you are.\n#respect #love #warriorface darkness is there to help us to appreciate life. so keep going on faith in yourself and dont look back..... https://t.co/oo8yVxqjIJ""","label:""happy""","process_text:""walk the world and the universe of dark while you shine your light and be proud who you are respect love warriorface darkness is there to help us to appreciate life so keep going on faith in yourself and dont look back""}",,,,,,,,,
"{""_id"":{""$oid"":""5e6d136f3d1e562006d9296d""}","original_text:""I LOVE this clip! One of my favorite parts all season. Notice the end where they don't complete the final step as they are too busy staring into each others eyes?üî•üî•üî•üî• #love #SaveSanditon #sanditonseason2 #sanditonsisterhood #sanditonpbs""","label:""happy""","process_text:""I LOVE this clip One of my favorite parts all season Notice the end where they don t complete the final step as they are too busy staring into each others eyes love SaveSanditon sanditonseason2 sanditonsisterhood sanditonpbs""}",,,,,,,,,
"{""_id"":{""$oid"":""5e6d13783d1e562006d9296e""}","original_text:""My Dad‚Äôs name was Marvin and I lost him when he was just 50. Let‚Äôs help this lovely boy find a home. My Dad would have. #shareformarvinü§ì https://t.co/Gsi8LRZ01O""","label:""happy""","process_text:""My Dad is name was Marvin and I lost him when he was just 50 Let is help this lovely boy find a home My Dad would have shareformarvin""}",,,,,,,,,
"{""_id"":{""$oid"":""5e6d13813d1e562006d9296f""}","original_text:""I‚Äôm very excited to finally announce the release of my debut single #PerfectToMe", following all the anticipation," go check it out 27/01/20 on SPOTIFY!https://t.co/sy5BK1J2ME\n#singer #songwriter #single #music #pop #artist #perfect #fun #love #Friends #dreams #Family #friendship https://t.co/oQacdpaOxp""","label:""happy""","process_text:""I am very excited to finally announce the release of my debut single PerfectToMe following all the anticipation go check it out 27 01 20 on SPOTIFY singer songwriter single music pop artist perfect fun love Friends dreams Family friendship""}",,,,,,,
"{""_id"":{""$oid"":""5e6d138a3d1e562006d92970""}","original_text:""No matter how you're feeling"," a little dog gunna love you.\nüëàüëàüëâüëâüëâüëâüëâ\n#husky #huskyheaven #puppy #love #cute #dogs #Motivation https://t.co/LwH5mitho8""","label:""happy""","process_text:""No matter how you re feeling a little dog gunna love you husky huskyheaven puppy love cute dogs Motivation""}",,,,,,,,
"{""_id"":{""$oid"":""5e6d13933d1e562006d92971""}","original_text:""It was so windy this morning I struggled to keep the camera still on the tripod. The early morning colors over Virginia were simply breathtaking! Have a wonderful day everyone! #sunrise #weather #vivid #SWVA #Virginia #Appalachian #Love https://t.co/AVY2iJRP36""","label:""happy""","process_text:""It was so windy this morning I struggled to keep the camera still on the tripod The early morning colors over Virginia were simply breathtaking Have a wonderful day everyone sunrise weather vivid SWVA Virginia Appalachian Love""}",,,,,,,,,
"{""_id"":{""$oid"":""5e6d139c3d1e562006d92972""}","original_text:""@jasonleescottx The Sweetness &amp; The Loveliness‚ÄºÔ∏èüçÜüòãüòçüåü‚ù§Ô∏è\n#BeautifulSTUD\nüòç‚ù§Ô∏èüòã\n#LOVE\n#PureBeautyüçÜüòç\n#BreathtakingBeautyAndLoveliness‚ù§Ô∏èüòç\n\nRT @jasonleescottx \n\nAVN day 2‚ù§Ô∏è https://t.co/WX6NUxIX1b""","label:""happy""","process_text:""The Sweetness amp The Loveliness BeautifulSTUD LOVE PureBeauty BreathtakingBeautyAndLoveliness RT AVN day 2""}",,,,,,,,,
"{""_id"":{""$oid"":""5e6d13a63d1e562006d92973""}","original_text:""Some people work better by being apart. @allontheboard \n\n#Relationships #Separation #Heartbreak #BrokenHeart #DontGiveUpHope #Life #Love #allontheboard https://t.co/hbZQB0hJwX""","label:""happy""","process_text:""Some people work better by being apart Relationships Separation Heartbreak BrokenHeart DontGiveUpHope Life Love allontheboard""}",,,,,,,,,
"{""_id"":{""$oid"":""5e6d13b03d1e562006d92974""}","original_text:""#cumslut LiLu@üíñüëâüíã https://t.co/jlvnj9IIWt üíãüëç\n\n#amateur #cumhore LiLu get Sperm on #Tongue ! #cumtribute 4 #sexy #milf ! #bigdick &amp; #swallowcum all I #love -my #life #hack ! #Hot #girl #show #bigcock #worship in new #handjob #adult #fashion #c4s #video #clip !@ #LiLusHandJobs https://t.co/phcx6A3bPE""","label:""happy""","process_text:""cumslut LiLu amateur cumhore LiLu get Sperm on Tongue cumtribute 4 sexy milf bigdick amp swallowcum all I love my life hack Hot girl show bigcock worship in new handjob adult fashion c4s video clip LiLusHandJobs""}",,,,,,,,,
"{""_id"":{""$oid"":""5e6d13ba3d1e562006d92975""}","original_text:""Wishing everyone an amazing day.‚ù§Ô∏è ¬∑\n¬∑\n¬∑\n¬∑\n¬∑\n#positivevibes #positivethinking #love #positivequotes #positivevibesonly #positive #quotes #motivation #positiveenergy #positivity #positivethoughts #life #inspirationalquotes #positivemind #positivemindset #‚Ä?https://t.co/BlbFm1XcUM https://t.co/pm7F6EOLap""","label:""happy""","process_text:""Wishing everyone an amazing day positivevibes positivethinking love positivequotes positivevibesonly positive quotes motivation positiveenergy positivity positivethoughts life inspirationalquotes positivemind positivemindset""}",,,,,,,,,
"{""_id"":{""$oid"":""5e6d13c43d1e562006d92976""}","original_text:""#Happy #TuesdayMotivation #TwitterFriends.\n\nRemember what‚Äôs really important to YOU &amp; #create a #happy day. \n\n#AnewMeHealthy #Joyful Mindful of #Happiness. \n\n#TuesdayThoughts #Love  #MentalHealth #JoyTrain\n#SelfLove #Inspiration &amp; #Positivity... #Enjoy!\n\nhttps://t.co/RIojeX9KQb https://t.co/68wGZSQFoF""","label:""happy""","process_text:""Happy TuesdayMotivation TwitterFriends Remember what is really important to YOU amp create a happy day AnewMeHealthy Joyful Mindful of Happiness TuesdayThoughts Love MentalHealth JoyTrain SelfLove Inspiration amp Positivity Enjoy""}",,,,,,,,,
"{""_id"":{""$oid"":""5e6d13ce3d1e562006d92977""}","original_text:""‚ÄúLittle darling", it‚Äôs been a long cold lonely winter.  Little darling, it‚Äôs seems like years since you‚Äôve been here. HERE COMES THE SUN DO-DO-DO-DOOO‚Äùüò? Spring menu launches tomorrow," FIVE-PEE-EMü•ó‚òÄÔ∏èüå∑üåº\n\n#Spring #GoodFood #Dinner #Bruntsfield #HumpDayTreat #TheBeatles #Happy https://t.co/mImImfYudm""","label:""happy""","process_text:""Little darling it is been a long cold lonely winter Little darling it is seems like years since you have been here HERE COMES THE SUN DO DO DO DOO Spring menu launches tomorrow FIVE PEE EM Spring GoodFood Dinner Bruntsfield HumpDayTreat TheBeatles Happy""}",,,,,,
"{""_id"":{""$oid"":""5e6d13d83d1e562006d92978""}","original_text:""ü•ÇüçæPerfect topper for a bottle of wine after a candle lit dinner üç∑üçæ\n\nhttps://t.co/LJdEren7KS\n\n#dinnerideas #romanceiscoming #love #like #wine #winelover #datenight #online #shoppingqueen #winelovers #Product https://t.co/eyy4U7KNxo""","label:""happy""","process_text:""Perfect topper for a bottle of wine after a candle lit dinner dinnerideas romanceiscoming love like wine winelover datenight online shoppingqueen winelovers Product""}",,,,,,,,,
"{""_id"":{""$oid"":""5e6d13e33d1e562006d92979""}","original_text:""The strongest and courageous of us all is the one with an Open Heart\nMaria Koszler. #grateful #blessed #love #thankful #gratitude #happy #family #thankyou #happiness #life #motivation #inspiration #instagood‚Ä?https://t.co/MPSZPIdVBj""","label:""happy""","process_text:""The strongest and courageous of us all is the one with an Open Heart Maria Koszler grateful blessed love thankful gratitude happy family thankyou happiness life motivation inspiration instagood""}",,,,,,,,,
"{""_id"":{""$oid"":""5e6d13ee3d1e562006d9297a""}","original_text:""Read the ‚ÄúHow to Know God‚Ä?#Scripture booklet here: https://t.co/3rcjE3lsjb\n#Bible #Scripture #scripturebooklet #God #Godislove #love #truth #tuesdaymotivation #tuesdaytreat https://t.co/c5qmJs1zv0""","label:""happy""","process_text:""Read the How to Know God Scripture booklet here Bible Scripture scripturebooklet God Godislove love truth tuesdaymotivation tuesdaytreat""}",,,,,,,,,
"{""_id"":{""$oid"":""5e6d13f93d1e562006d9297b""}","original_text:""There's shiny things on this dildo and I love it very much. &lt;3 #RandomNaughtiness (via https://t.co/uVetxALjn8)  /  üì∏ @TheMaxRebel  /  #SubscribingIsCaring  /  #Happy #ValentineDay https://t.co/Wl8yc4zz9D""","label:""happy""","process_text:""There s shiny things on this dildo and I love it very much lt 3 RandomNaughtiness via SubscribingIsCaring Happy ValentineDay""}",,,,,,,,,
"{""_id"":{""$oid"":""5e6d14023d1e562006d9297c""}","original_text:""@PaulCassidyReal Who wouldn't‚ÅâÔ∏è‚ÄºÔ∏è\n#BeautifulLovelySuperYummySuperHotties\n‚ù§Ô∏è‚ù§Ô∏èüòãüòãüòçüòç\nw/ @NikoVangelis\n#LOVE\n#YUM\n#PureBeautyüòçüòç\n@belamionline\nFULL VIDEO: https://t.co/REb1rJ9Bfw\n\nRT @PaulCassidyReal\n\nWho would like to join us? üòà https://t.co/g2b4b5p5tx""","label:""happy""","process_text:""Who wouldn t BeautifulLovelySuperYummySuperHotties w LOVE YUM PureBeauty FULL VIDEO RT Who would like to join us""}",,,,,,,,,
"{""_id"":{""$oid"":""5e6d140d3d1e562006d9297d""}","original_text:""Turning outgrown special clothing into memory items to keep forever üíô\n#earlybiz #earlybird #shopindie #handmade #TuesdayThoughts #elevenshour #hhlunch #sewing #love #news #thankyou https://t.co/07aMQfGotQ""","label:""happy""","process_text:""Turning outgrown special clothing into memory items to keep forever earlybiz earlybird shopindie handmade TuesdayThoughts elevenshour hhlunch sewing love news thankyou""}",,,,,,,,,
"{""_id"":{""$oid"":""5e6d14183d1e562006d9297e""}","original_text:""#mentalhealth #bipolar \n\nIt's usually my #DBT day today. But", you know what? This is so much better üíö\n\nI'm so #relaxed," #mindful and less #stressed.\nI've found a #pebble to keep too!\n\nI hope some of my #friends here #love the #sea too. \n\nYou can share this with me üëçüíö\n\n#BeKind https://t.co/7ADhmGMBqw""","label:""happy""","process_text:""mentalhealth bipolar It s usually my DBT day today But you know what This is so much better I m so relaxed mindful and less stressed I ve found a pebble to keep too I hope some of my friends here love the sea too You can share this with me BeKind""}",,,,,,,
"{""_id"":{""$oid"":""5e6d14233d1e562006d9297f""}","original_text:""Yippee! Arresting Mason has been nominated in the 2019 Reader's Choice Awards with Still Moments Magazine!!! It's an honor to be on the list! :)  \n@DarleneLF @WildRosePress #bookworm #romance #romanticsuspense #love #HOT \n#MFRWauthor #awards \nhttps://t.co/98CX9SRtP6 https://t.co/Ef77KOHn5y""","label:""happy""","process_text:""Yippee Arresting Mason has been nominated in the 2019 Reader s Choice Awards with Still Moments Magazine It s an honor to be on the list bookworm romance romanticsuspense love HOT MFRWauthor awards""}",,,,,,,,,
"{""_id"":{""$oid"":""5e6d142d3d1e562006d92980""}","original_text:""Watch @gregrharvey's broadcast: Listen &amp; Hear / Stuper Tuesday / #Covfefe &amp; Memes / #talk #cbd  #inspire #maga #love #qanon https://t.co/w8lTAUcAJF https://t.co/L5TYSaplPF""","label:""happy""","process_text:""Watch s broadcast Listen amp Hear Stuper Tuesday Covfefe amp Memes talk cbd inspire maga love qanon""}",,,,,,,,,
"{""_id"":{""$oid"":""5e6d14393d1e562006d92981""}","original_text:""I'm a Top #Writer on @Medium", writing #Satire, #Humor, #MentalHealth, #Politics, #Love. #WritingCommunity Writers," follow me and I'll follow you.\nhttps://t.co/Vwc08mZ4P5""","label:""happy""","process_text:""I m a Top Writer on writing Satire Humor MentalHealth Politics Love WritingCommunity Writers follow me and I ll follow you""}",,,
"{""_id"":{""$oid"":""5e6d14453d1e562006d92982""}","original_text:""Join Millions Around the World for Earth Hour to Unite Humanity Against Climate Change\nPlease Help Retweet\n@EarthHour\nhttps://t.co/HTHUmMtaSg\n\n‚ô?‚ò?‚ú?üå∑ üåé\n#Peace #Love #Art #Music #Vegan #rt #nct #BTS #got7 #jimin #exo #follow #news #EarthHour #Connect2Earth""","label:""happy""","process_text:""Join Millions Around the World for Earth Hour to Unite Humanity Against Climate Change Please Help Retweet Peace Love Art Music Vegan rt nct BTS got7 jimin exo follow news EarthHour Connect2Earth""}",,,,,,,,,
"{""_id"":{""$oid"":""5e6d14513d1e562006d92983""}","original_text:""#sexy &amp; #Sperm #Hungry @üíñüëâüíã https://t.co/jlvnj9IIWt üíãüëç\n\n#hot #cumslut #milf takes #semen shower- #insane #cumshot #video kind of #facial #fashion #makeup ! I #love #bigdick &amp; #swallows ! #cumhore #girl LiLu shows #bigcock #adult #handjob #c4s #clip @  #LiLusHandJobs https://t.co/EKYiHCn50U""","label:""happy""","process_text:""sexy amp Sperm Hungry hot cumslut milf takes semen shower insane cumshot video kind of facial fashion makeup I love bigdick amp swallows cumhore girl LiLu shows bigcock adult handjob c4s clip LiLusHandJobs""}",,,,,,,,,
"{""_id"":{""$oid"":""5e6d146a3d1e562006d92985""}","original_text:""Make a night of romance w/ a mini vibrator\nhttps://t.co/f1m8KRVncj\n\n#orgasm #romance #love #ValentinesDay #personal #mini #ValentinesDayGifts #LoverFest #giftforher #sensual #sex #hot https://t.co/XJFzNahZqv""","label:""happy""","process_text:""Make a night of romance w a mini vibrator orgasm romance love ValentinesDay personal mini ValentinesDayGifts LoverFest giftforher sensual sex hot""}",,,,,,,,,
"{""_id"":{""$oid"":""5e6d14763d1e562006d92986""}","original_text:""200304 HAPPY Teaser Weibo (4480x6720)\nhttps://t.co/73xM9joxOh\nhttps://t.co/SMULoqoXYc\nhttps://t.co/VwNRggU3Db\nhttps://t.co/poTOMQLDmC\n#Taeyeon #ÌÉúÏó∞ #HAPPY https://t.co/9swpbyQRLe""","label:""happy""","process_text:""200304 HAPPY Teaser Weibo 4480x6720 Taeyeon HAPPY""}",,,,,,,,,
"{""_id"":{""$oid"":""5e6d14823d1e562006d92987""}","original_text:""Today we honor 5 amazing women", @AariMcdonald, @__Amarii2, @dlmcbryde_," @alonsolucia_4 and @teeteestarks.  I‚Äôm glad I got the chance to be part of your journey. üêª‚¨áÔ∏èüèÄüòÅüëèü§ó #MadeForIt #BearDown #Happy #SeniorDay2020 #Celebration\n\nWhen You Put Your Heart In It - Kenny Rogers https://t.co/TOe1w93X5f""","label:""happy""","process_text:""Today we honor 5 amazing women Amarii2 4 and I am glad I got the chance to be part of your journey MadeForIt BearDown Happy SeniorDay2020 Celebration When You Put Your Heart In It Kenny Rogers""}",,,,,
"{""_id"":{""$oid"":""5e6d14923d1e562006d92988""}","original_text:""No"," we don‚Äôt push him. He loves slides and leans forward when he wants to go down. ‚ù§Ô∏è‚ù§Ô∏è #cats #cat #catstagram  #catlover #meow #pets #kitty #catlovers #love #cute #animals #pet #gatos #catlife #gato #ilovemycat #lovecats #catsofinstagram #sundayvibes #CatsOfTwitter https://t.co/446q2EipzL""","label:""happy""","process_text:""No we do not push him He loves slides and leans forward when he wants to go down cats cat catstagram catlover meow pets kitty catlovers love cute animals pet gatos catlife gato ilovemycat lovecats catsofinstagram sundayvibes CatsOfTwitter""}",,,,,,,,
"{""_id"":{""$oid"":""5e6d14a03d1e562006d92989""}","original_text:""suinn was asked who's hes favorite ht member and answered he cudnt choose bc theyre all family so he said if he were to pick one itd be manager joyüôà\n\n#Î¨∏ÏàòÏù?#moonsuinn #JOY #Ï°∞Ïù¥ #Î†àÎìúÎ≤®Î≤≥ #RedVelvet #Ìï∏ÏÑ¨ÌÉÄÏù¥Í±∞Ï¶?#handsometigers https://t.co/uRWbZNupm6""","label:""happy""","process_text:""suinn was asked who s hes favorite ht member and answered he cudnt choose bc theyre all family so he said if he were to pick one itd be manager joy moonsuinn JOY RedVelvet handsometigers""}",,,,,,,,,
"{""_id"":{""$oid"":""5e6d14ad3d1e562006d9298a""}","original_text:""üíóNew Release!üíó\nScorching Hot #Romance Historical\n\""A great couple. Both overcome past hurts &amp; preconceived notions to find their one true #love.\""  ~ Goodreads\nhttps://t.co/2eTncUyajn\nRead Free With #KindleUnlimited https://t.co/5lIjg1Rz8K""","label:""happy""","process_text:""New Release Scorching Hot Romance Historical A great couple Both overcome past hurts amp preconceived notions to find their one true love Goodreads Read Free With KindleUnlimited""}",,,,,,,,,
"{""_id"":{""$oid"":""5e6d14b63d1e562006d9298b""}","original_text:""\""Love yourself first and everything falls in line.\"" - Lucille Ball\n#love #loveyourself #forgiveness #vulnerability #bravery #courage #wellness #balance #believeinbalance\nhttps://t.co/XZGaj2hZa6 https://t.co/EgoFjSTPL8""","label:""happy""","process_text:""Love yourself first and everything falls in line Lucille Ball love loveyourself forgiveness vulnerability bravery courage wellness balance believeinbalance""}",,,,,,,,,
"{""_id"":{""$oid"":""5e6d14bf3d1e562006d9298c""}","original_text:""‚ÄúYour flaws are perfect for the heart that‚Äôs meant to love you.‚Ä?‚Ä?Trent Shelton"," Football Player\nHappy Valentine‚Äôs Day!\nHappy Friday! \nShabbat Shalom!\n#valentinesday2020 #sisters #family\n#love #heart #friends #familytime #actress #actresslife #loveyourselftoo #currentmood https://t.co/BYV4hb1LWS""","label:""happy""","process_text:""Your flaws are perfect for the heart that is meant to love you Trent Shelton Football Player Happy Valentine is Day Happy Friday Shabbat Shalom valentinesday2020 sisters family love heart friends familytime actress actresslife loveyourselftoo currentmood""}",,,,,,,,
"{""_id"":{""$oid"":""5e6d14cb3d1e562006d9298d""}","original_text:""#JeannineLeeLake is running against VP Mike Pence brother #ShesOnTheTicket #GetHerInOffice #WhenWeCareWeDoBetter #TravisRiddick #NoMoreTrumpPenceism #Change #Love #Unity = #GodAlways #ImTravisRiddickAndIApproveThisMessage \n#FromWashingtonDC \n#DCSupports @WashInformer @drolarkb https://t.co/UuWE5oa16s""","label:""happy""","process_text:""JeannineLeeLake is running against VP Mike Pence brother ShesOnTheTicket GetHerInOffice WhenWeCareWeDoBetter TravisRiddick NoMoreTrumpPenceism Change Love Unity GodAlways ImTravisRiddickAndIApproveThisMessage FromWashingtonDC DCSupports""}",,,,,,,,,
"{""_id"":{""$oid"":""5e6d14d53d1e562006d9298e""}","original_text:""#TAEYEON #HAPPY\nhttps://t.co/HMXseGzqj5\n\nTEASER IMAGE (1)\n#1 https://t.co/HSKW3zVLO7\n#2 https://t.co/gyfuyDI1by\n#3 https://t.co/let2xN9bQ5\n#4 https://t.co/bssmVtU0DP https://t.co/CN7GxEXA9C""","label:""happy""","process_text:""TAEYEON HAPPY TEASER IMAGE 1 1 2 3 4""}",,,,,,,,,
"{""_id"":{""$oid"":""5e6d14df3d1e562006d9298f""}","original_text:""@Muhamma53074277 @Cynthia55678360 @LisaTruthJohns @rpskataria @mukulnandi1972 @1228erin @melanie_korach @PoloOrtiz9 @BabyGo2014 @BarbaraLoraineN @malvenkaseke1 @LUTLjerry @ReikiArthur @PrachiMalik @Dianne__LadyD @b_and_s_designs @roamingpiscean @JanetNestor @Inspireu2Action @janisexton @Gaurav0801 @Hello2U8 @Lisandre_Moreau @Voieinterieure @gede_prama @pkamla1 @cherylcorless41 @GiGiBclub @loveGoldenHeart @alexdomelle @madblack65 @cassiepullman @Fsxdoll @tmotola @mindfulheal @MohdMuzzammilK @KariJoys @Laurettamylove @mscator @joybellabella @gary_hensel @eralbertson @HOLLYJBIRD @coachmekat @Joan_Kappes @sentii2013 @suziday123 @MyPowertalk @1227erin The #love of spirit is the food for our souls\n\n#JesseLewisChooseLoveMovement\n#LightUpTheLove #LUTL\n#TuesdayThoughts\n#WednesdayWisdom\n#JoyTRAIN #GoldenHearts\n#ChooseLove\n#FamilyTrain\n#StarFishClub\n#IAMChoosingLove https://t.co/eG1IEu4I08""","label:""happy""","process_text:""korach LadyD and s designs Moreau prama hensel Kappes The love of spirit is the food for our souls JesseLewisChooseLoveMovement LightUpTheLove LUTL TuesdayThoughts WednesdayWisdom JoyTRAIN GoldenHearts ChooseLove FamilyTrain StarFishClub IAMChoosingLove""}",,,,,,,,,
"{""_id"":{""$oid"":""5e6d14f13d1e562006d92991""}","original_text:""üí°üÜô‚ù§Ô∏è Let‚Äôs #LightUpTheLove as @LadyLakeMusic brings you our latest #news and #projects!! Featuring @lsmheart @lightupthelove @TClax_Music @ITPMark @LarryPascale1 @LoriDiamond @davidmartinezmu #indie #charity #love #NewMusic #Envision #support #RT https://t.co/OfXj6aTiBt""","label:""happy""","process_text:""Let is LightUpTheLove as brings you our latest news and projects Featuring Music indie charity love NewMusic Envision support RT""}",,,,,,,,,
"{""_id"":{""$oid"":""5e6d14fb3d1e562006d92992""}","original_text:""Wonderful evening and Good night to everyone ü§ôüèÑüèª‚Äç‚ôÇÔ∏èüèÑ‚Äç‚ôÄÔ∏?üò¥  #BeachCamping \n#Sunset #Water #Surf #SaltLife #Playa #Ocean #VitaminSea ‚Å†‚Å† ‚Å†‚Å† ‚Å†‚Å† #Goodvibesonly #SweetDreams #Love #TiAmo #Enjoytheview https://t.co/31CwjBIO7W""","label:""happy""","process_text:""Wonderful evening and Good night to everyone BeachCamping Sunset Water Surf SaltLife Playa Ocean VitaminSea Goodvibesonly SweetDreams Love TiAmo Enjoytheview""}",,,,,,,,,
"{""_id"":{""$oid"":""5e6d15033d1e562006d92993""}","original_text:""Unyko's Secret"," Philippines Magical Garden nighttime cremeüëá\nhttps://t.co/Xn08EC7cpd\n\n#NaturalBeauty #NaturalSkincare #marketing #beautyqueen #new #like #love #sheabutterbaby #mango #healthyskin #ebay #online_store #face #rose #herbal #herbs https://t.co/9zmdoHFLcK""","label:""happy""","process_text:""Unyko s Secret Philippines Magical Garden nighttime creme NaturalBeauty NaturalSkincare marketing beautyqueen new like love sheabutterbaby mango healthyskin ebay online store face rose herbal herbs""}",,,,,,,,
"{""_id"":{""$oid"":""5e6d150c3d1e562006d92994""}","original_text:""Happy Birthday to my dad", February 29," 2020. Dad would have been 21 years old today...in Leap Years. Actually would have been 84 You were and still are my HERO! I told you I would salute you and Sri I a cold one when you turned 21!üçª#love #hero #MissingYou #heaven #LeapYear2020 https://t.co/WCsyFmVLY5""","label:""happy""","process_text:""Happy Birthday to my dad February 29 2020 Dad would have been 21 years old today in Leap Years Actually would have been 84 You were and still are my HERO I told you I would salute you and Sri I a cold one when you turned 21 love hero MissingYou heaven LeapYear2020""}",,,,,,,
"{""_id"":{""$oid"":""5e6d15203d1e562006d92996""}","original_text:""Here‚Äôs Hands Down The Quickest", Easiest, Sneakiest and Most Effective Way to Make Your Woman Hot, Wet &amp; Horny for You," All The Time\nüíãüçÜüÜì https://t.co/i47fAm4MDH\n\n#love #girl #girls #ass #music #beautiful #gay #model #beauty #summer #hiphop #brooklyn #usa #women #fashion #life https://t.co/wdZgD1hcFP""","label:""happy""","process_text:""Here is Hands Down The Quickest Easiest Sneakiest and Most Effective Way to Make Your Woman Hot Wet amp Horny for You All The Time love girl girls ass music beautiful gay model beauty summer hiphop brooklyn usa women fashion life""}",,,,,
"{""_id"":{""$oid"":""5e6d152a3d1e562006d92997""}","original_text:""When someone truly understands you",\nacknowledges your uniqueness,\naccepts your weakness and \nworks with you to \nmake each day\nspecial," then\nyou found\ngold and \ndon't\nlet\ngo! \n‚ù§Ô∏è\n#TuesdayThoughts #TuesdayMorning #IAM #GoldenHearts #Love https://t.co/P0XHmdVYKr""","label:""happy""","process_text:""When someone truly understands you acknowledges your uniqueness accepts your weakness and works with you to make each day special then you found gold and don t let go TuesdayThoughts TuesdayMorning IAM GoldenHearts Love""}",,,,,,
"{""_id"":{""$oid"":""5e6d15363d1e562006d92998""}","original_text:""[insta trans] Joy Instagram Update\n\nEvery time I do a photoshoot such a strong reaction üò≠ Because of it I'm always excited üòò @.espoir_makeup üíõüíõ""","label:""happy""","process_text:""insta trans Joy Instagram Update Every time I do a photoshoot such a strong reaction Because of it I m always excited espoir makeup""}",,,,,,,,,
"{""_id"":{""$oid"":""5e6d15423d1e562006d92999""}","original_text:""Loving God\nI pray for all\nFrom this holy place I stand &amp; I pray.\nPlease grant our peace to our mind &amp; calm our troubled heart.\nGive us the strength &amp; clarity of mind to find our purpose &amp; walk the path you've laid out for us.‚úçüèª\n#Amen\n#holy #strength #prayer #faith #God #love\nüá™üá∏üëá https://t.co/ick8qTQULF""","label:""happy""","process_text:""Loving God I pray for all From this holy place I stand amp I pray Please grant our peace to our mind amp calm our troubled heart Give us the strength amp clarity of mind to find our purpose amp walk the path you ve laid out for us Amen holy strength prayer faith God love""}",,,,,,,,,
"{""_id"":{""$oid"":""5e6d154e3d1e562006d9299a""}","original_text:""Believe in #Magic", in #love, in #fairy tales, in #hopes, in #miracles, in #peace, in people, in #wishes, and most of all," yourself. Cleanse yourself of negative and choose to live empowered. #Animal #Spirit #Messages https://t.co/LFQnXdCANZ""","label:""happy""",process_text:null}
"{""_id"":{""$oid"":""5e6d15593d1e562006d9299b""}","original_text:""what is the biggest dream in your life?\r#motivational #motivation #motivationalquotes #inspiration #quotes #inspirational #success #love #inspirationalquotes #entrepreneur #quoteoftheday #life #inspire https://t.co/nruMUA8p6V""","label:""happy""","process_text:""what is the biggest dream in your life motivational motivation motivationalquotes inspiration quotes inspirational success love inspirationalquotes entrepreneur quoteoftheday life inspire""}",,,,,,,,,
"{""_id"":{""$oid"":""5e6d15743d1e562006d9299d""}","original_text:""I know in my #life", with #chronicillness #invisibledisease these #Words speak #truth on my #journey of #healing, to #heal #recovery Not everyone understands battles won underneath, scars, only see #joy to live a fuller life. #Laugh #Smile. Just b/c u can't see it," it is there. https://t.co/m5suFS3YEx""","label:""happy""","process_text:""I know in my life with chronicillness invisibledisease these Words speak truth on my journey of healing to heal recovery Not everyone understands battles won underneath scars only see joy to live a fuller life Laugh Smile Just b c u can t see it it is there""}",,,,
"{""_id"":{""$oid"":""5e6d157f3d1e562006d9299e""}","original_text:""His bow ties help sheltered pups get adopted! üê∂üßµ\n\nWatch #OnAPositiveNote Saturdays at 11:30 a.m. on News 12 for more inspiring stories!  \n\n@sirdariusbrown @pruspirit #sirdariusbrown #handmade #fashion #dapper #bowties #love #dogs #pet #positive #oapn #goodnews #positivevibes https://t.co/N8YZn9iQP9""","label:""happy""","process_text:""His bow ties help sheltered pups get adopted Watch OnAPositiveNote Saturdays at 11 30 a m on News 12 for more inspiring stories sirdariusbrown handmade fashion dapper bowties love dogs pet positive oapn goodnews positivevibes""}",,,,,,,,,
"{""_id"":{""$oid"":""5e6d15883d1e562006d9299f""}","original_text:""A puppy plays with every pup he meets"," but an old dog has few associates.\nüëàüëàüëâüëâüëâüëâüëâ\n#husky #huskyheaven #puppy #love #baby #cute #beautiful #Motivational https://t.co/PTEuxgSqbq""","label:""happy""","process_text:""A puppy plays with every pup he meets but an old dog has few associates husky huskyheaven puppy love baby cute beautiful Motivational""}",,,,,,,,
"{""_id"":{""$oid"":""5e6d15943d1e562006d929a0""}","original_text:""ü•Äüå∏Every Flowers Blooms \nIn Its Own Time #Quotes üå∏ü•Ä\n\n#Tuesdayvibes #Beautiful #Flowers #CherryBlossom #Sakura #Garden #Spring #Birds #Love #Peace #Music #Travelphotography ü•Äü•Ä\nü•Ä\nHappy Tuesday Lovely Friends Hope You All Have A Wonderful Day‚öòBe Blessed Be Happy Always üòäüíïüå∏ https://t.co/hnvguB7hh4""","label:""happy""","process_text:""Every Flowers Blooms In Its Own Time Quotes Tuesdayvibes Beautiful Flowers CherryBlossom Sakura Garden Spring Birds Love Peace Music Travelphotography Happy Tuesday Lovely Friends Hope You All Have A Wonderful DayBe Blessed Be Happy Always""}",,,,,,,,,
"{""_id"":{""$oid"":""5e6d15a13d1e562006d929a1""}","original_text:""#Nature gives us #Strength. Protect it! \n\n#JoyTrain #Joy #GlobalWarming #ClimateChange #IQRTG #Quote #ChooseLove #MentalHealth #Mindfulness #IAM #GoldenHearts #SaturdayMorning #SaturdayMotivation #SaturdayThoughts #ThinkBIGSundayWithMarsha RT @LarrySchardt https://t.co/QvQk6epCQk""","label:""happy""","process_text:""Nature gives us Strength Protect it JoyTrain Joy GlobalWarming ClimateChange IQRTG Quote ChooseLove MentalHealth Mindfulness IAM GoldenHearts SaturdayMorning SaturdayMotivation SaturdayThoughts ThinkBIGSundayWithMarsha RT""}",,,,,,,,,
"{""_id"":{""$oid"":""5e6d15ab3d1e562006d929a2""}","original_text:""Deborah Livingston - Professional Psychic Medium on Shay Parker's Best American Psychics - #DeborahLivingston", #Love, #Relationships,#Psychic, #PsychicMedium, #SpiritualCounselor, #BAP, #ShayParker," #BestAmericanPsychics https://t.co/NPEyTVOwgv https://t.co/Fg2D7h8yR7""","label:""happy""","process_text:""Deborah Livingston Professional Psychic Medium on Shay Parker s Best American Psychics DeborahLivingston Love Relationships Psychic PsychicMedium SpiritualCounselor BAP ShayParker BestAmericanPsychics""}",
"{""_id"":{""$oid"":""5e6d15b83d1e562006d929a3""}","original_text:""@Muhamma53074277 @Cynthia55678360 @1228erin @roamingpiscean @BarbaraLoraineN @rpskataria @LisaTruthJohns @BabyGo2014 @JanetNestor @malvenkaseke1 @mukulnandi1972 @LUTLjerry @ReikiArthur @PrachiMalik @PoloOrtiz9 @Dianne__LadyD @b_and_s_designs @Inspireu2Action @janisexton @Gaurav0801 @Hello2U8 @Lisandre_Moreau @Voieinterieure @gede_prama @pkamla1 @cherylcorless41 @GiGiBclub @loveGoldenHeart @alexdomelle @madblack65 @cassiepullman @Fsxdoll @tmotola @mindfulheal @MohdMuzzammilK @KariJoys @melanie_korach @Laurettamylove @mscator @joybellabella @gary_hensel @eralbertson @HOLLYJBIRD @coachmekat @Joan_Kappes @sentii2013 @suziday123 @MyPowertalk @1227erin #Love is", when #God says to you, ‚ÄúI have created everything for you‚Äù\n\nAnd you say," ‚ÄúI have left everything for you‚Äù\n\n#Rumi\n#JesseLewisChooseLoveMovement\n#LUTL\n#TuesdayThoughts\n#WednesdayWisdom\n#JoyTRAIN #GoldenHearts\n#ChooseLove\n#FamilyTrain\n#StarFishClub\n#IAMChoosingLove https://t.co/nORm1Od5Xd""","label:""happy""","process_text:""LadyD and s designs Moreau prama korach hensel Kappes Love is when God says to you I have created everything for you And you say I have left everything for you Rumi JesseLewisChooseLoveMovement LUTL TuesdayThoughts WednesdayWisdom JoyTRAIN GoldenHearts ChooseLove FamilyTrain StarFishClub IAMChoosingLove""}",,,,,,
"{""_id"":{""$oid"":""5e6d15c53d1e562006d929a4""}","original_text:""¬´¬†A humble heart conceals all the virtues¬†¬ª\n\n#JoyTrain #Joy #love #MentalHealth #Mindfulness #StarfishClub #GoldenHearts #FamilyTrain #IAMChoosingLove #TuesdayWisdom #TuesdayThoughts #TuesdayMotivation #God #IAM #Peace #TuesdayFeeling #TuesdayMood #kindness #PeaceAndLove""","label:""happy""","process_text:""A humble heart conceals all the virtues JoyTrain Joy love MentalHealth Mindfulness StarfishClub GoldenHearts FamilyTrain IAMChoosingLove TuesdayWisdom TuesdayThoughts TuesdayMotivation God IAM Peace TuesdayFeeling TuesdayMood kindness PeaceAndLove""}",,,,,,,,,
"{""_id"":{""$oid"":""5e6d15cf3d1e562006d929a5""}","original_text:""It is important to feel secure in your home. One big advantage of living in a flat or apartment is the availability of several layers of added security"," especially in a gated complex.\n\nüåê https://t.co/h7a6ym8vh9\n\n#westsidehabitats #love #instagood #photooftheday #fashion https://t.co/Vzb9Q4rW38""","label:""happy""","process_text:""It is important to feel secure in your home One big advantage of living in a flat or apartment is the availability of several layers of added security especially in a gated complex westsidehabitats love instagood photooftheday fashion""}",,,,,,,,
"{""_id"":{""$oid"":""5e6d15d93d1e562006d929a6""}","original_text:""@jasonleescottx His Beefy", Gorgeous, Super Sexy Luscious Butt‚ÄºÔ∏èüçëüòãüòçüåü‚ù§Ô∏è\n#BeautifulSTUD\nüòç‚ù§Ô∏èüòãüçë\n#LOVE\n#PureBeautyüòçüçë\n#AllDatLusciousPhatSexyAssüçëüòç\n\nRT @jasonleescottx \n\nAVN day 3," getting my butthole ready üòò https://t.co/0DyvIaGO2U""","label:""happy""","process_text:""His Beefy Gorgeous Super Sexy Luscious Butt BeautifulSTUD LOVE PureBeauty AllDatLusciousPhatSexyAss RT AVN day 3 getting my butthole ready""}",,,,,,
"{""_id"":{""$oid"":""5e6d15e53d1e562006d929a7""}","original_text:""Taeyeon will remind fans of good times with loved ones in her new single ‚ÄúHappy‚Ä?dropping March 9. The song will feature elements of old-school doo-wop and R&amp;B. #Taeyeon  #ÌÉúÏó∞ #Happy @GirlsGeneration https://t.co/dCngzguWDN""","label:""happy""","process_text:""Taeyeon will remind fans of good times with loved ones in her new single Happy dropping March 9 The song will feature elements of old school doo wop and R amp B Taeyeon Happy""}",,,,,,,,,
"{""_id"":{""$oid"":""5e6d15f13d1e562006d929a8""}","original_text:""The best way to express one‚Äôs gratitude to the Divine is to feel simply happy. - The Mother\n\n#gratitude #divine #happy #feelsimplyhappy #feelhappy #bestway #bestwaytolive #simplyhappy #themother #themotherandsriaurobindo #mirraalfassa #mirraalfassathemother #divinegratitude https://t.co/Qk4N9FdorX""","label:""happy""","process_text:""The best way to express one is gratitude to the Divine is to feel simply happy The Mother gratitude divine happy feelsimplyhappy feelhappy bestway bestwaytolive simplyhappy themother themotherandsriaurobindo mirraalfassa mirraalfassathemother divinegratitude""}",,,,,,,,,
"{""_id"":{""$oid"":""5e6d15fd3d1e562006d929a9""}","original_text:""üíùüíêWedding Season 2020 is coming.  Be prepared with a month by month plannerüíêüíù NEW not used!!!\n\nhttps://t.co/lndL7xvsqp\n\n#weddingseason #weddingideas #Romance #love #engagement #Bridesmaids #lovers #groom #books #Sales #online #Deals #freeshipping #worldwide #planning https://t.co/VqQY2nZkQL""","label:""happy""","process_text:""Wedding Season 2020 is coming Be prepared with a month by month planner NEW not used weddingseason weddingideas Romance love engagement Bridesmaids lovers groom books Sales online Deals freeshipping worldwide planning""}",,,,,,,,,
"{""_id"":{""$oid"":""5e6d160b3d1e562006d929aa""}","original_text:""NOTE luminous silk \""DESERT ROSE\""\nüëáüí∏üõçclick for saleüõçüí∏üëá\nhttps://t.co/wtCPVO7O3q\n\n#makeup #makeupartist #beautyblogger #beautyblog #Sales #ebayfinds #beauty #love #skincare #luxury #beautiful #makeover #blush #desert #rose #makeupaddict https://t.co/oN4dsauLWt""","label:""happy""","process_text:""NOTE luminous silk DESERT ROSE click for sale makeup makeupartist beautyblogger beautyblog Sales ebayfinds beauty love skincare luxury beautiful makeover blush desert rose makeupaddict""}",,,,,,,,,
"{""_id"":{""$oid"":""5e6d16153d1e562006d929ab""}","original_text:""#Joy lifts us up where we belong!\n\n#JoyTrain #TuesdayThoughts #TuesdayMotivation #Tuesdaymorning #IAMChoosingLove #twentygems https://t.co/19B1EWXSHv""","label:""happy""","process_text:""Joy lifts us up where we belong JoyTrain TuesdayThoughts TuesdayMotivation Tuesdaymorning IAMChoosingLove twentygems""}",,,,,,,,,
"{""_id"":{""$oid"":""5e6d16203d1e562006d929ac""}","original_text:""Drinking #semen @ my oldies üíñüëâüíã https://t.co/jlvnj9IIWt üíãüëç\n\nfeels like drinking #sperm out of that pipe! #cumtribute 4 #cumslut #girl "," I #love #sperm &amp; #swallows ! #handjobqueen &amp; #cumhore LiLu with #crazy #handjob tech &amp; #insane #facial #cumshot #video @ #LiLusHandJobs https://t.co/UGJ9q2IJY4""","label:""happy""","process_text:""Drinking semen my oldies feels like drinking sperm out of that pipe cumtribute 4 cumslut girl I love sperm amp swallows handjobqueen amp cumhore LiLu with crazy handjob tech amp insane facial cumshot video LiLusHandJobs""}",,,,,,,,
"{""_id"":{""$oid"":""5e6d162d3d1e562006d929ad""}","original_text:""McLaren 720s üöÄ\n‚óºÔ∏é @McLarenAuto @lordbillionaire\n‚óºÔ∏é @McLarenF1 @lordbillionaire\n#Supercar #Hypercar #Worldwide #Love \n#Millionaire #Billionaire #Goal #Networking https://t.co/8PMAjbJaia""","label:""happy""","process_text:""McLaren 720s Supercar Hypercar Worldwide Love Millionaire Billionaire Goal Networking""}",,,,,,,,,
"{""_id"":{""$oid"":""5e6d16373d1e562006d929ae""}","original_text:""‚Ä?God's #love for us is not the reason for which we should love him. God's love for us is the reason for us to love ourselves.‚Äù\n#Simone #Weil""","label:""happy""","process_text:""God s love for us is not the reason for which we should love him God s love for us is the reason for us to love ourselves Simone Weil""}",,,,,,,,,
"{""_id"":{""$oid"":""5e6d16433d1e562006d929af""}","original_text:""Nice and Hot - Plesse RT\n\n#likeforfollow #likeforlikes #victoriassecret #love #instagood #photooftheday #fashion #beautiful #cute #tbt https://t.co/4bZxrVmv38""","label:""happy""","process_text:""Nice and Hot Plesse RT likeforfollow likeforlikes victoriassecret love instagood photooftheday fashion beautiful cute tbt""}",,,,,,,,,
"{""_id"":{""$oid"":""5e6d164d3d1e562006d929b0""}","original_text:""Happy March! I'm starting it with a Mocha and a good book. \n\n #coffeetime #cafe #coffeelover #coffeeaddict #coffeeshop #love #coffeelove #breakfast #authorkellycollins https://t.co/Wzf0JcgIM6""","label:""happy""","process_text:""Happy March I m starting it with a Mocha and a good book coffeetime cafe coffeelover coffeeaddict coffeeshop love coffeelove breakfast authorkellycollins""}",,,,,,,,,
"{""_id"":{""$oid"":""5e6d165e3d1e562006d929b1""}","original_text:""#Facial from #Hot #Blonde @üíñüëâüíã https://t.co/jlvnj9IIWt  üíãüëç\n\n#Sperm #Hungry #blondehair #milf gets #bigcock &amp; #sexy #cumshot ! #handjob #fashion #adult #video #clip from #cumhore #girl - LiLu #show the #love to #semen &amp; #worship #bigdick ! #cumslut @ #c4s @ #LiLusHandJobs https://t.co/3Dv2K7BiOe""","label:""happy""","process_text:""Facial from Hot Blonde Sperm Hungry blondehair milf gets bigcock amp sexy cumshot handjob fashion adult video clip from cumhore girl LiLu show the love to semen amp worship bigdick cumslut c4s LiLusHandJobs""}",,,,,,,,,
"{""_id"":{""$oid"":""5e6d166d3d1e562006d929b2""}","original_text:""Happy Tuesday"," Beautiful Souls!  May you see miracles all around you today.  They are always there if we open our eyes. \n#TuesdayThoughts #TuesdayMotivation #tuesdayvibes #TuesdayMorning #lifecoach #selfgrowth #selfcare #personaldevelopment #joytrain #nature #love #SuccessTRAIN https://t.co/gJS54EyfLD""","label:""happy""","process_text:""Happy Tuesday Beautiful Souls May you see miracles all around you today They are always there if we open our eyes TuesdayThoughts TuesdayMotivation tuesdayvibes TuesdayMorning lifecoach selfgrowth selfcare personaldevelopment joytrain nature love SuccessTRAIN""}",,,,,,,,
"{""_id"":{""$oid"":""5e6d167b3d1e562006d929b3""}","original_text:""Keep calm ppl it‚Äôs just a series", I‚Äôve said before," ITs BETTER THAN NOTHING AT ALL..This is unexpected serye for KX out of the blue\n#LOVE THY WOMAN is created god is good treasure it while ITs AIRING.  #LTWKapalit https://t.co/68ZQyTC5cK""","label:""happy""","process_text:""Keep calm ppl it is just a series I have said before ITs BETTER THAN NOTHING AT ALL This is unexpected serye for KX out of the blue LOVE THY WOMAN is created god is good treasure it while ITs AIRING LTWKapalit""}",,,,,,,
"{""_id"":{""$oid"":""5e6d16863d1e562006d929b4""}","original_text:""Meet our new boy #Chief", tied to the pound gates he is now #safe with us. Approx 2 yrs old," this #Gorgeous lad is now looking for his #foreverhome. #AdoptDontShop #rescuedog #dogs #DogsofTwittter #rottweiler #adogisforlife #TuesdayMorning #rescue #love #Dog #happy #DogLover https://t.co/AhcjjDzNFE""","label:""happy""","process_text:""Meet our new boy Chief tied to the pound gates he is now safe with us Approx 2 yrs old this Gorgeous lad is now looking for his foreverhome AdoptDontShop rescuedog dogs DogsofTwitter rottweiler adogisforlife TuesdayMorning rescue love Dog happy DogLover""}",,,,,,,
"{""_id"":{""$oid"":""5e6d16913d1e562006d929b5""}","original_text:""üíïThe #Love will always findüíïthe way of #Light!üíï \n\n@Bijan_Cyrus #LoveTrainFromIRAN #JoyTrain #SuccessTRAIN #FamilyTrain #GoldenHearts #IAMChoosingLove #ChooseLove #BeLove #StarfishClub #BePeace #TuesdayMotivation #TuesdayThoughts #TuesdayMorning #quote #quoteoftheday #quotes https://t.co/WzYpOQGqVw""","label:""happy""","process_text:""The Love will always findthe way of Light Cyrus LoveTrainFromIRAN JoyTrain SuccessTRAIN FamilyTrain GoldenHearts IAMChoosingLove ChooseLove BeLove StarfishClub BePeace TuesdayMotivation TuesdayThoughts TuesdayMorning quote quoteoftheday quotes""}",,,,,,,,,
"{""_id"":{""$oid"":""5e6d169a3d1e562006d929b6""}","original_text:""#POV #creampie by LiLu@üíñüëâüíãhttps://t.co/jlvnj9IIWt üíãüëç\n\n#Blonde #cumhore #milf gr8 #oral &amp; #swallowcum ! #Hot Mouth with #Sperm ! #sexy #blondehair #women #worship #bigdick ! #Hot #cumslut #girl #love #semen #breakfast ! #adult #handjob #amateur #video #clip @ #LiLusHandJobs https://t.co/NdMdcgHg3O""","label:""happy""","process_text:""POV creampie by LiLu Blonde cumhore milf gr8 oral amp swallowcum Hot Mouth with Sperm sexy blondehair women worship bigdick Hot cumslut girl love semen breakfast adult handjob amateur video clip LiLusHandJobs""}",,,,,,,,,
"{""_id"":{""$oid"":""5e6d16a83d1e562006d929b7""}","original_text:""New!!! Derived from nature Unyko's Secret Nighttime creme.  Nature's secret can now be yours!\n\nhttps://t.co/Ws2yj3A7I6\n\n#skincare #skincareroutine #beautybloggers #beauty #creme #businessowner #natural #love #naturelovers #face #healthy https://t.co/rqDMEknTnR""","label:""happy""","process_text:""New Derived from nature Unyko s Secret Nighttime creme Nature s secret can now be yours skincare skincareroutine beautybloggers beauty creme businessowner natural love naturelovers face healthy""}",,,,,,,,,
"{""_id"":{""$oid"":""5e6d16b33d1e562006d929b8""}","original_text:""@mateo_private The Sweetness &amp; The Loveliness‚ÄºÔ∏è\n#BeautifulSTUD\n‚ù§Ô∏èüòçüòã‚ù§Ô∏è\n#LOVE‚ù§Ô∏è\n#PureBeautyüòç‚ù§Ô∏è \n\nHis OnlyFans: https://t.co/o8vj1AzL3s\n\nRT @mateo_private \n\nGIVEAWAY ONLYFANS üí¶\n1Ô∏è‚É£ Like this\n2Ô∏è‚É£ Retweet this\n3Ô∏è‚É£ Follow me\nYou can win 1 month to my Onlyfans (500 adult posts) üò±\n5 winners tomorrow https://t.co/4JQTfldD6i""","label:""happy""","process_text:""private The Sweetness amp The Loveliness BeautifulSTUD LOVE PureBeauty His OnlyFans RT private GIVEAWAY ONLYFANS 1 Like this 2 Retweet this 3 Follow me You can win 1 month to my Onlyfans 500 adult posts 5 winners tomorrow""}",,,,,,,,,
"{""_id"":{""$oid"":""5e6d16bf3d1e562006d929b9""}","original_text:""The human with #humanity and just see how a little girl also got inspired to see him and do her support to the needy #human . I salute him for his #Nobel activism and help to send a good message to the #society #people for #Peace &amp; #love .. @cnnbrk @timesofindia @UN_HRC @ANI https://t.co/s5p4dnbbAN""","label:""happy""","process_text:""The human with humanity and just see how a little girl also got inspired to see him and do her support to the needy human I salute him for his Nobel activism and help to send a good message to the society people for Peace amp love HRC""}",,,,,,,,,
"{""_id"":{""$oid"":""5e6d16cd3d1e562006d929ba""}","original_text:""My #Sexy #Hands @üíñüëâüíã https://t.co/jlvnj9IIWt üíãüëç\n\n#art of #bigcock #worship - #Hot #amateur #CumSlut #girl &amp; #huge #CumShot #gift\n\n#instagram - https://t.co/quPjUPQyn7\n\n#cumtribute 4 #blondehair #milf who #love #sperm\n#adult #handjob #video #clip #gallery by @ #LiLusHandJobs https://t.co/mWrpr0u2Yj""","label:""happy""","process_text:""My Sexy Hands art of bigcock worship Hot amateur CumSlut girl amp huge CumShot gift instagram cumtribute 4 blondehair milf who love sperm adult handjob video clip gallery by LiLusHandJobs""}",,,,,,,,,
"{""_id"":{""$oid"":""5e6d16e23d1e562006d929bb""}","original_text:""@LisaTruthJohns @mindfulheal @Muhamma53074277 @BarbaraLoraineN @Cynthia55678360 @rpskataria @mukulnandi1972 @1228erin @melanie_korach @PoloOrtiz9 @BabyGo2014 @malvenkaseke1 @LUTLjerry @ReikiArthur @PrachiMalik @Dianne__LadyD @b_and_s_designs @roamingpiscean @JanetNestor @Inspireu2Action @janisexton @Gaurav0801 @Hello2U8 @Lisandre_Moreau @Voieinterieure @gede_prama @pkamla1 @cherylcorless41 @GiGiBclub @loveGoldenHeart @alexdomelle @madblack65 @cassiepullman @Fsxdoll @tmotola @MohdMuzzammilK @KariJoys @Laurettamylove @mscator @joybellabella @gary_hensel @eralbertson @HOLLYJBIRD @coachmekat @Joan_Kappes @sentii2013 @suziday123 @MyPowertalk @1227erin Heart \nto \nHeart\nSoul \nto \nSoul\nas we\n#Love \nwe \nchange \nthe \nWorld \n\n#JesseLewisChooseLoveMovement\n#LightUpTheLove #LUTL\n#TuesdayThoughts\n#WednesdayWisdom\n#ThursdayThoughts\n#JoyTRAIN #GoldenHearts\n#ChooseLove\n#FamilyTrain\n#StarFishClub\n#IAMChoosingLove https://t.co/63YgGdra37""","label:""happy""","process_text:""korach LadyD and s designs Moreau prama hensel Kappes Heart to Heart Soul to Soul as we Love we change the World JesseLewisChooseLoveMovement LightUpTheLove LUTL TuesdayThoughts WednesdayWisdom ThursdayThoughts JoyTRAIN GoldenHearts ChooseLove FamilyTrain StarFishClub IAMChoosingLove""}",,,,,,,,,
"{""_id"":{""$oid"":""5e6d17093d1e562006d929bd""}","original_text:""May today be the DAY we ALL find ourselves by finding a new heart...a HEART of eternal #LOVE for ALL! \nEzekiel 36:26 #LOVE #PRAYER \n\n#INTERCESSION #TwinSoul \n\n#Depression \n#Addiction \n#HospitalAbuse \n\n#Jesus #JesusSaves #JesusHeals \n\n#GOD=#LOVE=#HOPE=#PURPOSE=#ETERNALLIFE""","label:""happy""","process_text:""May today be the DAY we ALL find ourselves by finding a new heart a HEART of eternal LOVE for ALL Ezekiel 36 26 LOVE PRAYER INTERCESSION TwinSoul Depression Addiction HospitalAbuse Jesus JesusSaves JesusHeals GOD LOVE HOPE PURPOSE ETERNALLIFE""}",,,,,,,,,
"{""_id"":{""$oid"":""5e6d171f3d1e562006d929be""}","original_text:""suinn mention manager joy on his interview„Ö†„Ö† tbh watching ht make me feels like watching another kdrama about basketball with joy and suinn as the main character. lol they are lookin cute together"," can't help but to ship them hhhhhhh ‚úåüòÖ‚ù§ #HandsomeTigers #MoonSuinn #Joy https://t.co/m98FZzIAAl""","label:""happy""","process_text:""suinn mention manager joy on his interview tbh watching ht make me feels like watching another kdrama about basketball with joy and suinn as the main character lol they are lookin cute together can t help but to ship them hh HandsomeTigers MoonSuinn Joy""}",,,,,,,,
"{""_id"":{""$oid"":""5e6d17453d1e562006d929c0""}","original_text:""Lol some of y‚Äôall get on here just to hate!!!! How about y‚Äôall uplift every once in a while!!!! White", black, green," or purple! all y‚Äôall!!! Love is the only thing that can drive out hate! Light is the only thing that drive out darkness!!! Choose love!!!! #Love #uplifting üëçüèºüíú""","label:""happy""","process_text:""Lol some of y all get on here just to hate How about y all uplift every once in a while White black green or purple all y all Love is the only thing that can drive out hate Light is the only thing that drive out darkness Choose love Love uplifting""}",,,,,,
"{""_id"":{""$oid"":""5e6d17573d1e562006d929c1""}","original_text:""Dohko and Shion for the secret Valentine of this year!!! üòçüíñ\n#saintseiya #otp #shio #LibraDohko #ariesshion #art #secretvalentine #digitalart #love https://t.co/mPa7MwFCfg""","label:""happy""","process_text:""Dohko and Shion for the secret Valentine of this year saintseiya otp shio LibraDohko ariesshion art secretvalentine digitalart love""}",,,,,,,,,
"{""_id"":{""$oid"":""5e6d176b3d1e562006d929c2""}","original_text:""Mudskipper are able to burrow into sediment because they are cutaneous breathers. They can - through their skin &amp;amp; mouth/throat lining - breathe in the small bubble of air around them as long as they stay moist. #animal #dailyfacts #love https://t.co/PZHmPRE3Fs""","label:""happy""","process_text:""Mudskipper are able to burrow into sediment because they are cutaneous breathers They can through their skin amp amp mouth throat lining breathe in the small bubble of air around them as long as they stay moist animal dailyfacts love""}",,,,,,,,,
"{""_id"":{""$oid"":""5e6d177f3d1e562006d929c3""}","original_text:""Your joy is precious... \n\""I try to live in a little bit of my own #joy and not let people steal it or take it.\"" @hodakotb @KariJoys #JoyTrain https://t.co/pkinfWT3jK""","label:""happy""","process_text:""Your joy is precious I try to live in a little bit of my own joy and not let people steal it or take it JoyTrain""}",,,,,,,,,
"{""_id"":{""$oid"":""5e6d17923d1e562006d929c4""}","original_text:""[INFO] #Taeyeon to release  '#Happy (#Ìï¥Ìîº)' on March 9 at 6PM KST!\n\n- R&amp;B pop song that reinterprets old school Doo-wop &amp; R&amp;B with a modern sound. Special gift for fans with lyrics about excitement &amp; happiness found in time spent with loved ones.\n\nhttps://t.co/WmRQVVwkxQ\n#ÌÉúÏó∞ https://t.co/WRyR00peZm""","label:""happy""","process_text:""INFO Taeyeon to release Happy on March 9 at 6PM KST R amp B pop song that reinterprets old school Doo wop amp R amp B with a modern sound Special gift for fans with lyrics about excitement amp happiness found in time spent with loved ones""}",,,,,,,,,
"{""_id"":{""$oid"":""5e6d17a43d1e562006d929c5""}","original_text:"".@ScarlettMLewis @ChooseLoveNH @ChooseLoveM @DesiletsShannon \n\nWe are all born for #love. It is the principle of existence"," and it‚Äôs only end \n\n#JesseLewisChooseLoveMovement\n#LightUpTheLove\n#TuesdayThoughts\n#JoyTRAIN #GoldenHearts\n#ChooseLove\n#FamilyTrain\n#StarFishClub https://t.co/QbHBZVFgRJ""","label:""happy""","process_text:""We are all born for love It is the principle of existence and it is only end JesseLewisChooseLoveMovement LightUpTheLove TuesdayThoughts JoyTRAIN GoldenHearts ChooseLove FamilyTrain StarFishClub""}",,,,,,,,
"{""_id"":{""$oid"":""5e6d17b63d1e562006d929c6""}","original_text:""CHINA BLUE. Book 3 in the Dudley Sisters' Saga\nhttps://t.co/Jr4y2blI6Q\n\n#SOE #RCAF #FrenchResistance #love \n#England #France #Canada #Romance    \n\nWorking with the French Resistance \nClaire meets the man of her dreams.\n\n#paperback #Kindle #KindleUnlimited\n#TuesNews @RNAtweets https://t.co/4vFHVJc1VH""","label:""happy""","process_text:""CHINA BLUE Book 3 in the Dudley Sisters Saga SOE RCAF FrenchResistance love England France Canada Romance Working with the French Resistance Claire meets the man of her dreams paperback Kindle KindleUnlimited TuesNews""}",,,,,,,,,
"{""_id"":{""$oid"":""5e6d17c73d1e562006d929c7""}","original_text:""Let the answer ALWAYS be #LOVE! \n\n#JoyTrain #Joy #Love #Peace #Kindness #kjoys00 #MentalHealth #Mindfulness #GoldenHearts #IAM #Quote #StarFishClub #IQRTG #ChooseLove #TuesdayThoughts #TuesdayMotivation #TuesdayMorning RT @roamingpiscean https://t.co/b6kQKGhrqN""","label:""happy""","process_text:""Let the answer ALWAYS be LOVE JoyTrain Joy Love Peace Kindness kjoys00 MentalHealth Mindfulness GoldenHearts IAM Quote StarFishClub IQRTG ChooseLove TuesdayThoughts TuesdayMotivation TuesdayMorning RT""}",,,,,,,,,
"{""_id"":{""$oid"":""5e6d17df3d1e562006d929c8""}","original_text:""may your day be full of brightness and your heart light with neverending hope‚ú®\n\n#myphoto #photography\n#photo #photographer #nature  #NaturePhotography  #mentalhealth #gratitude #JOY #JoyTrain #TuesdayMorning #TuesdayThoughts #TuesdayMotivation #InspirationalQuotes https://t.co/Ll1EqCDQN9""","label:""happy""","process_text:""may your day be full of brightness and your heart light with neverending hope myphoto photography photo photographer nature NaturePhotography mentalhealth gratitude JOY JoyTrain TuesdayMorning TuesdayThoughts TuesdayMotivation InspirationalQuotes""}",,,,,,,,,
"{""_id"":{""$oid"":""5e6d17f63d1e562006d929c9""}","original_text:""Surprise\n#cupcake #surprise #birthday #love #art #filming #documentary #filmmaker #womeninfilm #director #cinematographer #editor #filmmaking #artist #filmdirector #femaledirector #video #videomaker #documentaries #moment #thoughts #frames #soundon https://t.co/0CodZiVwTp""","label:""happy""","process_text:""Surprise cupcake surprise birthday love art filming documentary filmmaker womeninfilm director cinematographer editor filmmaking artist filmdirector femaledirector video videomaker documentaries moment thoughts frames soundon""}",,,,,,,,,
"{""_id"":{""$oid"":""5e6d180a3d1e562006d929ca""}","original_text:""#hot #facial #cumshot üíñüëâüíã https://t.co/jlvnj9IIWt  üíãüëç\n\n#cumtribute 4  a #cumslut #girl who #love #sperm &amp; #swallows ! Yours&amp; only  #handjobqueen -LiLu! See what #insane #orgasmcontrol "," #handjob tech &amp; #cumshore can do@my #amateur #adult #fetish #video place-  #LiLusHandJobs https://t.co/PN3NE8vvUa""","label:""happy""","process_text:""hot facial cumshot cumtribute 4 a cumslut girl who love sperm amp swallows Yours amp only handjobqueen LiLu See what insane orgasmcontrol handjob tech amp cumshore can do amateur adult fetish video place LiLusHandJobs""}",,,,,,,,
"{""_id"":{""$oid"":""5e6d18223d1e562006d929cb""}","original_text:""This video of Nana Ama Mcbrown kissing her daughter has got many people worried.  \n\nHow much affection is too much affection between parents and their children.\n\n#PulseGhana #PulseViral #NanaAmaMcBrown #BabyMaxin #Love #Affection https://t.co/XRHprUgKYW""","label:""happy""","process_text:""This video of Nana Ama Mcbrown kissing her daughter has got many people worried How much affection is too much affection between parents and their children PulseGhana PulseViral NanaAmaMcBrown BabyMaxin Love Affection""}",,,,,,,,,
"{""_id"":{""$oid"":""5e6d183a3d1e562006d929cc""}","original_text:""Link: https://t.co/68uNzL7t8O ...How To Create Quick &amp; Easy Fat Burning Recipes That Will Taste Just Like Your Favorite Meals... #shirt #surf #streetwear #kawaii #ny #lazy #dust #shopping #osaka #goodmorning #ldesigntoy #manga #anime #night #fashion #love #shopping #arttoy #art‚Ä?https://t.co/i05jly5xlV""","label:""happy""","process_text:""Link How To Create Quick amp Easy Fat Burning Recipes That Will Taste Just Like Your Favorite Meals shirt surf streetwear kawaii ny lazy dust shopping osaka goodmorning ldesigntoy manga anime night fashion love shopping arttoy art""}",,,,,,,,,
"{""_id"":{""$oid"":""5e6d18533d1e562006d929cd""}","original_text:""Good morning and happy Sunday peeps. Tostones and extra mojo for breakfast?  Si! #love #yummy #happy #sunday #breakfast #tostones #selfie #me #huskyaquaman #ruizing https://t.co/b3rvEG3zfa""","label:""happy""","process_text:""Good morning and happy Sunday peeps Tostones and extra mojo for breakfast Si love yummy happy sunday breakfast tostones selfie me huskyaquaman ruizing""}",,,,,,,,,
"{""_id"":{""$oid"":""5e6d186d3d1e562006d929ce""}","original_text:""Let's bring more #Love to everything we do!\n\n#JoyTrain #Joy #Kindness #MentalHealth #Mindfulness #GoldenHearts #IAM #IQRTG #FamilyTrain #Quote #ChooseLove #TuesdayMorning #kjoys00 #TuesdayThoughts #TuesdayMotivation RT @PaulClarity https://t.co/JfqrLjHzR1""","label:""happy""","process_text:""Let s bring more Love to everything we do JoyTrain Joy Kindness MentalHealth Mindfulness GoldenHearts IAM IQRTG FamilyTrain Quote ChooseLove TuesdayMorning kjoys00 TuesdayThoughts TuesdayMotivation RT""}",,,,,,,,,
"{""_id"":{""$oid"":""5e6d18863d1e562006d929cf""}","original_text:""@LisaTruthJohns @Cynthia55678360 @BarbaraLoraineN @Muhamma53074277 @rpskataria @mukulnandi1972 @1228erin @melanie_korach @PoloOrtiz9 @BabyGo2014 @malvenkaseke1 @LUTLjerry @ReikiArthur @PrachiMalik @Dianne__LadyD @b_and_s_designs @roamingpiscean @JanetNestor @Inspireu2Action @janisexton @Gaurav0801 @Hello2U8 @Lisandre_Moreau @Voieinterieure @gede_prama @pkamla1 @cherylcorless41 @GiGiBclub @loveGoldenHeart @alexdomelle @madblack65 @cassiepullman @Fsxdoll @tmotola @mindfulheal @MohdMuzzammilK @KariJoys @Laurettamylove @mscator @joybellabella @gary_hensel @eralbertson @HOLLYJBIRD @coachmekat @Joan_Kappes @sentii2013 @suziday123 @MyPowertalk @1227erin Your loving #heart is your most #beautiful #angel \n\nvia @gede_prama \n\n#JesseLewisChooseLoveMovement\n#LightUpTheLove #Love\n#TuesdayThoughts\n#WednesdayWisdom\n#ThursdayThoughts\n#JoyTRAIN #GoldenHearts\n#ChooseLove\n#FamilyTrain\n#StarFishClub\n#IAMChoosingLove https://t.co/6Uu0oJQhnX""","label:""happy""","process_text:""korach LadyD and s designs Moreau prama hensel Kappes Your loving heart is your most beautiful angel via prama JesseLewisChooseLoveMovement LightUpTheLove Love TuesdayThoughts WednesdayWisdom ThursdayThoughts JoyTRAIN GoldenHearts ChooseLove FamilyTrain StarFishClub IAMChoosingLove""}",,,,,,,,,
"{""_id"":{""$oid"":""5e6d189e3d1e562006d929d0""}","original_text:""Getting every inch in ....the love of great sex                         https://t.co/4rkhTxn4ZS https://t.co/edBuENAxeW #love #musclecouple #daddyandboy #lovers #fucking https://t.co/Jx1PsUPh6l""","label:""happy""","process_text:""Getting every inch in the love of great sex love musclecouple daddyandboy lovers fucking""}",,,,,,,,,
"{""_id"":{""$oid"":""5e6d18b43d1e562006d929d1""}","original_text:""Check out Supawear 2 Eros new Collection 2020 now on https://t.co/9EfUaStCvo\nclick here: https://t.co/uv5eaQWB6d\n#supawear #2eros #adamadonis #underwear #fashion #love #underwear #underwearmodel #underwearexpert #underwearfetish #underwearpouch #underwears #gayunderwear #undy https://t.co/X2ixqcVimu""","label:""happy""","process_text:""Check out Supawear 2 Eros new Collection 2020 now on click here supawear 2eros adamadonis underwear fashion love underwear underwearmodel underwearexpert underwearfetish underwearpouch underwears gayunderwear undy""}",,,,,,,,,
"{""_id"":{""$oid"":""5e6d18cc3d1e562006d929d2""}","original_text:""MARCH is Autoimmune Diseases Awareness Month.  And for this Awareness Month", our theme is Love and Sex with AI: Love," Intimacy and Pregnancy.\n\n#autoimmuneawareness #chronicillness #invisibledisability #rheumatology #love #sex #intimacy #pregnancy #tRitoknow https://t.co/2ycTYtdRea""","label:""happy""","process_text:""MARCH is Autoimmune Diseases Awareness Month And for this Awareness Month our theme is Love and Sex with AI Love Intimacy and Pregnancy autoimmuneawareness chronicillness invisibledisability rheumatology love sex intimacy pregnancy tRitoknow""}",,,,,,,
"{""_id"":{""$oid"":""5e6d18e43d1e562006d929d3""}","original_text:""Follow me‚ô?if you True Husky and dog lover‚ô?\nüëâüëâi needüîú20k followersüëà.Then check there are some gift for you! just 1 hours\nüëàüëàüëâüëâüëâüëâüëâ\n#husky #huskyheaven #puppy #DogsofTwittter #goals #love #dogs #Motivation https://t.co/ek5wN6zZtd""","label:""happy""","process_text:""Follow me if you True Husky and dog lover i need20k followers Then check there are some gift for you just 1 hours husky huskyheaven puppy DogsofTwitter goals love dogs Motivation""}",,,,,,,,,
"{""_id"":{""$oid"":""5e6d18fc3d1e562006d929d4""}","original_text:""200304 HAPPY Teaser ‚ë°\nhttps://t.co/QusQZVClRn\nhttps://t.co/sFIM4OB8oe\nhttps://t.co/GdHH0aIFqA\nhttps://t.co/mKoUIZiKLS\n\n#Taeyeon #ÌÉúÏó∞ #HAPPY https://t.co/ISkWNlPfbF""","label:""happy""","process_text:""200304 HAPPY Teaser Taeyeon HAPPY""}",,,,,,,,,
"{""_id"":{""$oid"":""5e6d19183d1e562006d929d5""}","original_text:""Magical CLUB BOI night.\n\n( ‡π?‚ù?⁄° ‚ù?‡π?)‚ù§\nArt by @YildunS ( https://t.co/wiQywsOKCw )\n#femboislove #furry #femboy #furryart #Áî∑„ÅÆÂ®?#gay #gayfur #nsfw #gayfurry #nsfwart #cute #love #slut #naughty https://t.co/vyqoogNJnl""","label:""happy""","process_text:""Magical CLUB BOI night Art by femboislove furry femboy furryart gay gayfur nsfw gayfurry nsfwart cute love slut naughty""}",,,,,,,,,
"{""_id"":{""$oid"":""5e6d19333d1e562006d929d6""}","original_text:""Make today #AWESOME! \n\n#JoyTrain #Joy #Love #Kindness #MentalHealth #Mindfulness #GoldenHearts #IAM #IQRTG #FamilyTrain #Quote #ChooseLove #TuesdayMorning #IQRTG #TuesdayThoughts #TuesdayMotivation RT @b_and_s_designs https://t.co/SZkeAomzZa""","label:""happy""","process_text:""Make today AWESOME JoyTrain Joy Love Kindness MentalHealth Mindfulness GoldenHearts IAM IQRTG FamilyTrain Quote ChooseLove TuesdayMorning IQRTG TuesdayThoughts TuesdayMotivation RT and s designs""}",,,,,,,,,
"{""_id"":{""$oid"":""5e6d194d3d1e562006d929d7""}","original_text:""Retweeting forever.  #feminism #love #bully \n@msemilymccombs\n\n@huffpost\n\n@huffpostwomen\n\n #huffpost \n@GoatApocalypse\n\n #huffpostwomen #feminist #MeToo #women #men #gender #equality #truth #philosophy #psychology https://t.co/tktHRZ7oEH""","label:""happy""","process_text:""Retweeting forever feminism love bully huffpost huffpostwomen feminist MeToo women men gender equality truth philosophy psychology""}",,,,,,,,,
"{""_id"":{""$oid"":""5e6d19643d1e562006d929d8""}","original_text:""Practice some sport", participate in yoga and other disciplines or different activities so that you get good health, physical and mental," focus your spirit and achieve perfect lifestyle.\n\nCheck: https://t.co/MCGiNDBTwP \n\n#espiritualfitness #healthy #love #healthylifestyle #quotes https://t.co/rD9QggBN0o""","label:""happy""","process_text:""Practice some sport participate in yoga and other disciplines or different activities so that you get good health physical and mental focus your spirit and achieve perfect lifestyle Check espiritualfitness healthy love healthylifestyle quotes""}",,,,,,
"{""_id"":{""$oid"":""5e6d19783d1e562006d929d9""}","original_text:""Blockchain technology is emerging as an effective solution"," paving the way for a better future of commerce: üì± ‚ú?üí´ üëç https://t.co/HhIiPG2feu #crypto¬†#bitcoin¬†#cryptocurrency¬†#cryptocurrencynews #btc¬†#blockchain¬†#trading¬†#eth¬†#market¬†#love¬†#business¬†#news https://t.co/VBSxKs3RX9""","label:""happy""","process_text:""Blockchain technology is emerging as an effective solution paving the way for a better future of commerce crypto bitcoin cryptocurrency cryptocurrencynews btc blockchain trading eth market love business news""}",,,,,,,,
"{""_id"":{""$oid"":""5e6d19933d1e562006d929da""}","original_text:""THE WAIT IS OVER!\nMY NEW VM OF OUR \""#SIDRA\""‚ù§\nVIDEO LINK: https://t.co/f3MZI7EFNn\nTO ALL SIDRA LOVERS!\nHOPE YOU ENJOY!\n@sidharth_shukla @ImRashamiDesai \n#SIDRASH #SIDRASHAMI #SIDRASHMI #SIDHEARTS #RASHAMIDESAIFANS #SIDHARTHSHUKLA #RASHAMIDESAI #DSDT #SIDHARTHRASHAMI #LOVE https://t.co/SCc3xFoHgk""","label:""happy""","process_text:""THE WAIT IS OVER MY NEW VM OF OUR SIDRA VIDEO LINK TO ALL SIDRA LOVERS HOPE YOU ENJOY shukla SIDRASH SIDRASHAMI SIDRASHMI SIDHEARTS RASHAMIDESAIFANS SIDHARTHSHUKLA RASHAMIDESAI DSDT SIDHARTHRASHAMI LOVE""}",,,,,,,,,
"{""_id"":{""$oid"":""5e6d19a53d1e562006d929db""}","original_text:""@PaulCassidyReal Incredibly Difficult Choice‚ÄºÔ∏è\n#GorgeousBootySuperHotties\nüçëüçë‚ù§Ô∏è‚ù§Ô∏èüòãüòãüòçüòç\n#LOVE\n#YUM\n#PureBeauty\n#AllDatHotLovelyAssüçëüçë\n\nLeft: @Carloseffort1\nRight: @PaulCassidyReal\n\nRT @PaulCassidyReal\n\nwhich one is your favorite booty? üòà https://t.co/k6hJbsvz50""","label:""happy""","process_text:""Incredibly Difficult Choice GorgeousBootySuperHotties LOVE YUM PureBeauty AllDatHotLovelyAss Left Right RT which one is your favorite booty""}",,,,,,,,,
"{""_id"":{""$oid"":""5e6d19bf3d1e562006d929dc""}","original_text:""The Girl Who Loved Cayo Bradley \n          by Nina Romano \n\nhttps://t.co/yi0caj7bOJ       \n\n#Free #KindleUnlimited \n#Love #Adventure \n#Historical #Western #Romance \n#NewMexico  1870s https://t.co/EwZnzqlJOY""","label:""happy""","process_text:""The Girl Who Loved Cayo Bradley by Nina Romano Free KindleUnlimited Love Adventure Historical Western Romance NewMexico 1870s""}",,,,,,,,,
"{""_id"":{""$oid"":""5e6d19d63d1e562006d929dd""}","original_text:""Kiss to @Helenaferraz77\n Absolute perfection @PlayboyHall\n#GirlsOfTwitter #GirlsOfTwitter #Girlfriend #PicOfTheDay  #BeautyOfTheDay #CuteGirl #love  #beautifulgirls #lovely #wcw #PlayboyHall https://t.co/jqeFHVKGVN""","label:""happy""","process_text:""Kiss to Absolute perfection GirlsOfTwitter GirlsOfTwitter Girlfriend PicOfTheDay BeautyOfTheDay CuteGirl love beautifulgirls lovely wcw PlayboyHall""}",,,,,,,,,
"{""_id"":{""$oid"":""5e6d19e63d1e562006d929de""}","original_text:""New Blog Post\n7 Planets/Metals: Saturn/Lead \nFind this and more at https://t.co/OHAFnfvIW1 #peace #saturn #hermes #happy #alchemy #spiritual #bless #lead #power #learn # https://t.co/GRKhkYMUex""","label:""happy""","process_text:""New Blog Post 7 Planets Metals Saturn Lead Find this and more at peace saturn hermes happy alchemy spiritual bless lead power learn""}",,,,,,,,,
