"{""_id"":{""$oid"":""5e6e4be475be3b80e1143729""}","original_text:""#podcast this morning with the #organizer of #gcmusicvideonight jkhonk getconnectedtku getconnectedturku cancellation of  18.3 #gig due to #coronavir√ºs√º #coronavairus #sad @ Turku"," Finland https://t.co/hTzCFgJ30g""","label:""surprise""","process_text:""podcast this morning with the organizer of gcmusicvideonight jkhonk getconnectedtku getconnectedturku cancellation of 18 3 gig due to coronavir s coronavairus sad Turku Finland""}",,,,,,
"{""_id"":{""$oid"":""5e6e4be575be3b80e114372a""}","original_text:""True. People should not believe in rumours spread by Jihadi Manuals like Kuran which explicitly say Kaffir is Non Muslim and Jehad is Ethnocide of Non Muslims.\n\nPeople should burn Kuran and read only dictionaries.\n@lastcrusaider @_sayema #burnquran https://t.co/MqI5HTmcm1""","label:""surprise""","process_text:""True People should not believe in rumours spread by Jihadi Manuals like Kuran which explicitly say Kaffir is Non Muslim and Jehad is Ethnocide of Non Muslims People should burn Kuran and read only dictionaries sayema burnquran""}",,,,,,,
"{""_id"":{""$oid"":""5e6e4be775be3b80e114372b""}","original_text:""beowulf is it too late for me lofi #glitch #cyberpunk #boombap #lofivibes #vaporwaveart #lofiedits #chillmusic #chillvibes #mood #trap #lofi #lofihiphop #aesthetic #vaporwave #music #anime #sad #chill #art #retro #lofibeats #s #beats #vaporwaveaesthetic \n\nhttps://t.co/6CkfxjuZOt""","label:""surprise""","process_text:""beowulf is it too late for me lofi glitch cyberpunk boombap lofivibes vaporwaveart lofiedits chillmusic chillvibes mood trap lofi lofihiphop aesthetic vaporwave music anime sad chill art retro lofibeats s beats vaporwaveaesthetic""}",,,,,,,
"{""_id"":{""$oid"":""5e6e4be875be3b80e114372c""}","original_text:""AMERICAN BUFFALO and WICKED blockbuster Broadway shows dark on a Saturday night in NYC #coronavirus like a ghost town. My town #sad calm before the storm @ Broadway Theatre District"," NYC https://t.co/k8GTlsynVO""","label:""surprise""","process_text:""AMERICAN BUFFALO and WICKED blockbuster Broadway shows dark on a Saturday night in NYC coronavirus like a ghost town My town sad calm before the storm Broadway Theatre District NYC""}",,,,,,
"{""_id"":{""$oid"":""5e6e4bf675be3b80e1143732""}","original_text:""I didn't want to wake up.\nI was having a much better time asleep.\nAnd that's really sad.\nIt was almost like a reverse nightmare"," like when you wake up from a nightmare you're so relieved.\nI woke up into a nightmare.\n\n#sad #depressed #alone #lonely #quotes""","label:""surprise""","process_text:""I didn t want to wake up I was having a much better time asleep And that s really sad It was almost like a reverse nightmare like when you wake up from a nightmare you re so relieved I woke up into a nightmare sad depressed alone lonely quotes""}",,,,,,
"{""_id"":{""$oid"":""5e6e4bf975be3b80e1143733""}","original_text:""She tried to drown the thoughts incessantly playing in her head",\nBlasting the music,"\nAnything to make her deaf to everything she was feeling\nIt was then she realized how broken she truly was....#truth #sad #thoughts #books #poetry https://t.co/4WeMPjMbqG""","label:""surprise""",process_text:null},,,,,
"{""_id"":{""$oid"":""5e6e4bfb75be3b80e1143734""}","original_text:""@megynkelly So #MegynKelly",who while at #FoxNews,"was VERY COMFORTABLE with \""#Trump being Trump\""(ie LIES)","is now FREAKING OUTüëÜ that neither she nor the public can trust Trump's pronouncements re #coronavirus? #SAD\n\n#TheResistance #CNN #MSNBC #Yahoo #Google #Megyn #ThursdayThoughts #FBRParty https://t.co/FsmokZLqob""","label:""surprise""","process_text:""So MegynKelly who while at FoxNews was VERY COMFORTABLE with Trump being Trump ie LIES is now FREAKING OUT that neither she nor the public can trust Trump s pronouncements re coronavirus SAD TheResistance CNN MSNBC Yahoo Google Megyn ThursdayThoughts FBRParty""}",,,,
"{""_id"":{""$oid"":""5e6e4bfe75be3b80e1143735""}","original_text:""Original Pop/Guitar\nInstrumental Enjoy!\n\nSoundcloud\nhttps://t.co/xebDOvk2iA\n\n#Guitar #SoundTrack\n#Indie #Love #Eaylistening\n#Music #Pop #Ballad #Indie\n#Instrumental #Rock #Audio\n#Sound #Sentimental #Sad\n#Mix #Soundcloud #Label\n#Promotion #Tokyo #Japan""","label:""surprise""","process_text:""Original Pop Guitar Instrumental Enjoy Soundcloud Guitar SoundTrack Indie Love Eaylistening Music Pop Ballad Indie Instrumental Rock Audio Sound Sentimental Sad Mix Soundcloud Label Promotion Tokyo Japan""}",,,,,,,
"{""_id"":{""$oid"":""5e6e4c0175be3b80e1143736""}","original_text:""#FakeChristian #FakeTan #FakeHair #FakeRepublican #FakeHusband #FakeConservative #FakeBillionaire #FakeFather #FakePresident the King of #FakeNews @realDonaldTrump #WorstPresidentEver #DonTheCon #LiarInChief #Moron #Impeached #WorseThanWatergate #VoteBlueToEndThisNightmare #SAD https://t.co/Lw1kdTTYGZ""","label:""surprise""","process_text:""FakeChristian FakeTan FakeHair FakeRepublican FakeHusband FakeConservative FakeBillionaire FakeFather FakePresident the King of FakeNews WorstPresidentEver DonTheCon LiarInChief Moron Impeached WorseThanWatergate VoteBlueToEndThisNightmare SAD""}",,,,,,,
"{""_id"":{""$oid"":""5e6e4c0475be3b80e1143737""}","original_text:""@richones1 @mojojaxville WTF! The woman in CA. wasn't diagnosed correctly until weeks after! Whether or not this guy was tested twice", and still cleared or not, he was still quarantined but then coughs a few times, and then shares a drink with his daughter," SERIOUSLY! I guess he believes Trump's BS! #SAD https://t.co/MmLSThvhxr""","label:""surprise""","process_text:""WTF The woman in CA wasn t diagnosed correctly until weeks after Whether or not this guy was tested twice and still cleared or not he was still quarantined but then coughs a few times and then shares a drink with his daughter SERIOUSLY I guess he believes Trump s BS SAD""}",,,
"{""_id"":{""$oid"":""5e6e4c0875be3b80e1143738""}","original_text:""#Establishmentmedia #cnn #MSNBC pushing #BernieSanders poll decline instead of reporting #Biden2020 campaign is HIDING #JoeBiden cognitive decline. Their camp. is arguing with #Sanders2020 about debate stage.‚ôø\nTheir pushing #Biden like the #gop pushed #trump . #sad \n#NotMeUs""","label:""surprise""","process_text:""Establishmentmedia cnn MSNBC pushing BernieSanders poll decline instead of reporting Biden2020 campaign is HIDING JoeBiden cognitive decline Their camp is arguing with Sanders2020 about debate stage Their pushing Biden like the gop pushed trump sad NotMeUs""}",,,,,,,
"{""_id"":{""$oid"":""5e6e4c0e75be3b80e1143739""}","original_text:""...IT is so damn a SAD that the fibo was canceled because of this ass of Corona-at the same time I hear hundreds of calm sighs: ‚Äûyay"," more TIME to get in shape!‚Ä?(black Humor)\n.\n#blackhumor #coronapocalypse #coronavirus #sad #coronadeutschland #FIBO #Coronasucks https://t.co/svdtbK1CaJ""","label:""surprise""","process_text:""IT is so damn a SAD that the fibo was canceled because of this ass of Corona at the same time I hear hundreds of calm sighs yay more TIME to get in shape black Humor blackhumor coronapocalypse coronavirus sad coronadeutschland FIBO Coronasucks""}",,,,,,
"{""_id"":{""$oid"":""5e6e4c1275be3b80e114373a""}","original_text:""A short part of an extreme hard hole wrecking with a special friend and ff buddy in crime", Happy to say that @Thelondonerff is now on twitter, his handsome," his super sexy and has the hottest noisy ff pussy around.\n#fisting #punching #pighole #noisy #pussy #sexyman #punchfisting https://t.co/S5jWBWgyn8""","label:""surprise""","process_text:""A short part of an extreme hard hole wrecking with a special friend and ff buddy in crime Happy to say that is now on twitter his handsome his super sexy and has the hottest noisy ff pussy around fisting punching pighole noisy pussy sexyman punchfisting""}",,,,
"{""_id"":{""$oid"":""5e6e4c1575be3b80e114373b""}","original_text:""#aboutlastnight had so much fun celebrating my girl @kimberlyjharris2 #birthday  #HappyBirthday #wegotyou #youdidnthaveaclue #surprise #celebrationcontinues #adventureswithstacye https://t.co/7StKlTHdNQ""","label:""surprise""","process_text:""aboutlastnight had so much fun celebrating my girl birthday HappyBirthday wegotyou youdidnthaveaclue surprise celebrationcontinues adventureswithstacye""}",,,,,,,
"{""_id"":{""$oid"":""5e6e4c1975be3b80e114373c""}","original_text:""@ScamHunterUK @raz_akram I know #sad \n#eugenics \n#madness\n#toriesdontcare \n#ToriesOut \n#BorisOut \n#BorisTheLiar \n#COVID_19uk \n#staysafe everyone please \n#BorisResign #boristhebutcher""","label:""surprise""","process_text:""akram I know sad eugenics madness toriesdontcare ToriesOut BorisOut BorisTheLiar COVID 19uk staysafe everyone please BorisResign boristhebutcher""}",,,,,,,
"{""_id"":{""$oid"":""5e6e4c2675be3b80e114373e""}","original_text:""7 reasons for ERP implementation failure https://t.co/adB6SlClUT &lt;- 6 of the 7 reasons have major #SAP failures as an example. #Sad #WildWest""","label:""surprise""","process_text:""7 reasons for ERP implementation failure lt 6 of the 7 reasons have major SAP failures as an example Sad WildWest""}",,,,,,,
"{""_id"":{""$oid"":""5e6e4c3b75be3b80e1143742""}","original_text:""SOMEONE ELSE:\nThis love story will touch your heartüò•üò©",\nSomething some of us has gone through," had to expressed it with this.\n.\nStory was inspired by @theADAMsound New song - MINE\n\nshot/directed/edited by @marvel_philips \n#love #cinematography #heartbreak #shooting #cinema #sad https://t.co/ettiStb4lI""","label:""surprise""","process_text:""SOMEONE ELSE This love story will touch your heart Something some of us has gone through had to expressed it with this Story was inspired by New song MINE shot directed edited by philips love cinematography heartbreak shooting cinema sad""}",,,,,
"{""_id"":{""$oid"":""5e6e4c4175be3b80e1143743""}","original_text:""As she looked at him with his questioning #green eyes. A #foreign feeling starts to #bubble up. Feeling she never thought she would get to #experience due to them being banished from her soul. She looked at them", #frustration," was what this was. \n#vss365\n#WritingCommunity \n#WIP""","label:""surprise""","process_text:""As she looked at him with his questioning green eyes A foreign feeling starts to bubble up Feeling she never thought she would get to experience due to them being banished from her soul She looked at them frustration was what this was vss365 WritingCommunity WIP""}",,,,,
"{""_id"":{""$oid"":""5e6e4c4775be3b80e1143744""}","original_text:""Mopping up after @realDonaldTrump &amp; his Oval Office COVID-19 speech!  Got to be a YUGE mop! Elderly folk will die to his botched effort! @#shame #sad @GOP is at fault! #impeachment @PreetBharara @RepAdamSchiff @SenSchumer @robreiner @ananavarro https://t.co/ya7WgjYOYl""","label:""surprise""","process_text:""Mopping up after amp his Oval Office COVID 19 speech Got to be a YUGE mop Elderly folk will die to his botched effort shame sad is at fault impeachment""}",,,,,,,
"{""_id"":{""$oid"":""5e6e4c4d75be3b80e1143745""}","original_text:""Hello Parents","\n\nWe are here to surprise your little ones with these colorful Peek &amp; Play Surprise Eggs. Engage your child with these interesting fun toys that will make them happy.\n\n#ChuChuTV #NurseryRhymes #Fun #Learning #Happiness #Surprise #Toys #MomLife #Dadlife #Parenting https://t.co/oyYzKFPchC""","label:""surprise""","process_text:""Hello Parents We are here to surprise your little ones with these colorful Peek amp Play Surprise Eggs Engage your child with these interesting fun toys that will make them happy ChuChuTV NurseryRhymes Fun Learning Happiness Surprise Toys MomLife Dadlife Parenting""}",,,,,,
"{""_id"":{""$oid"":""5e6e4c5375be3b80e1143746""}","original_text:""Its #sad some stores triple their #prices during a #crisis.\n#coronapocalypse #GlobalWarming #homelessness #eldercare. What a sad #race. https://t.co/p9l86BoYCV""","label:""surprise""","process_text:""Its sad some stores triple their prices during a crisis coronapocalypse GlobalWarming homelessness eldercare What a sad race""}",,,,,,,
"{""_id"":{""$oid"":""5e6e4c5a75be3b80e1143747""}","original_text:""The party is dead and rotting and they carry the stench. They're like fucking zombies at this point. #sad\n#VoteThemOut""","label:""surprise""","process_text:""The party is dead and rotting and they carry the stench They re like fucking zombies at this point sad VoteThemOut""}",,,,,,,
"{""_id"":{""$oid"":""5e6e4c6175be3b80e1143748""}","original_text:""Intelligence isn‚Äôt measured in how many words you know and how to pronounce them but it‚Äôs how to pronounce words that don't hurt anyone. It seems some people love to hurt. They don‚Äôt have any clue what their words are doing with others. After all they are good in kicking!! #sad""","label:""surprise""",process_text:null},,,,,,,
"{""_id"":{""$oid"":""5e6e4c6875be3b80e1143749""}","original_text:""All the tech we review goes to our fans!!! New show starts soon! Don't miss out!!! Just stay tuned and fallow... #new #techreview #free #tech #giveaway #sad #happy #lucky #amazing #gaming #fortnite #pubg #minecraft #dogs #funny #cute #incredible #luck""","label:""surprise""","process_text:""All the tech we review goes to our fans New show starts soon Don t miss out Just stay tuned and fallow new techreview free tech giveaway sad happy lucky amazing gaming fortnite pubg minecraft dogs funny cute incredible luck""}",,,,,,,
"{""_id"":{""$oid"":""5e6e4c6f75be3b80e114374a""}","original_text:""I was very excited to see all the french 3s players again"," but we have to stay safe and strong for the next few months. Let's keep on fighting for the future!""","label:""surprise""","process_text:""I was very excited to see all the french 3s players again but we have to stay safe and strong for the next few months Let s keep on fighting for the future""}",,,,,,
"{""_id"":{""$oid"":""5e6e4c7575be3b80e114374b""}","original_text:""Paid Sick Leave Loopholes: 'There‚Äôs a Giant Hole in Pelosi‚Äôs Coronavirus Bill' - https://t.co/GnuWDIPGhT via @commondreams #sad #SickLeave #SickPayForAll""","label:""surprise""","process_text:""Paid Sick Leave Loopholes There is a Giant Hole in Pelosi is Coronavirus Bill via sad SickLeave SickPayForAll""}",,,,,,,
"{""_id"":{""$oid"":""5e6e4c7d75be3b80e114374c""}","original_text:""It is time to retreat to calm. A forest shall be found"," hidden by #nature where stillness is slowly restored. And under the watchful eyes of the trees you may rest a while....here is where I shall be.\n#mood #photography #trees #sad https://t.co/B5rUREamPU""","label:""surprise""",process_text:null},,,,,,
"{""_id"":{""$oid"":""5e6e4c8575be3b80e114374d""}","original_text:""The 27 club\n...\n#amywinehouse #jimihandrix #Kurtcobain #27club #pub #caricature #JanisJoplin #music #illustration #sad #27 #thedoors #JimMorrison #history #drugs #foreveryuong #drink #drawin #art #digitalart https://t.co/RgxgwVEdEy""","label:""surprise""","process_text:""The 27 club amywinehouse jimihandrix Kurtcobain 27club pub caricature JanisJoplin music illustration sad 27 thedoors JimMorrison history drugs foreveryuong drink drawin art digitalart""}",,,,,,,
"{""_id"":{""$oid"":""5e6e4c8d75be3b80e114374e""}","original_text:""Original Pop/Guitar\nInstrumental Enjoy!\n\nSoundcloud\nhttps://t.co/jjq7IC7htX\n\n#Guitar #SoundTrack\n#Indie #Band #Eaylistening\n#Music #Pop #Ballad #Indie\n#Instrumental #Rock #Tokyo\n#Sound #Sentimental #Sad\n#Mix #Soundcloud #Label\n#Promotion #Japan""","label:""surprise""","process_text:""Original Pop Guitar Instrumental Enjoy Soundcloud Guitar SoundTrack Indie Band Eaylistening Music Pop Ballad Indie Instrumental Rock Tokyo Sound Sentimental Sad Mix Soundcloud Label Promotion Japan""}",,,,,,,
"{""_id"":{""$oid"":""5e6e4c9d75be3b80e114374f""}","original_text:""Morning workout...this collection will be posted on https://t.co/YF8ZQaotgc\n.\n#MondayMood #ExtraordinaryYou #FitnessModel #trample #fetishphotography #feet #ebony #legsfordays #mistress \n.\n@DirkHooper @Brattyfootgirls @BritFootBabes #sad https://t.co/ScysgO8wTI""","label:""surprise""","process_text:""Morning workout this collection will be posted on MondayMood ExtraordinaryYou FitnessModel trample fetishphotography feet ebony legsfordays mistress sad""}",,,,,,,
"{""_id"":{""$oid"":""5e6e4ca575be3b80e1143750""}","original_text:""#COVID19Ontario #covid19Canada #COVID„É?9 #onpoli #covid19Canada #cdnpoli #helpthecassiecao #thecassiecaoisntfunny #sad @CTV @TheSocialCTV @BellMediaPR this who you want on your show? I guess your looking to spread more #fearmongering #hateful messages.""","label:""surprise""","process_text:""COVID19Ontario covid19Canada COVID19 onpoli covid19Canada cdnpoli helpthecassiecao thecassiecaoisntfunny sad this who you want on your show I guess your looking to spread more fearmongering hateful messages""}",,,,,,,
"{""_id"":{""$oid"":""5e6e4cad75be3b80e1143751""}","original_text:""@vivek_murthy direct result of firing the White House pandemic team\n\nagainst official senate advice\n\nand why?\n\njust to spite #obama \n#mustread #SherrodBrown #TruthMatters #donaldtrump #manypeoplearesaying #sad \nhttps://t.co/cDn0oxLVwY""","label:""surprise""","process_text:""murthy direct result of firing the White House pandemic team against official senate advice and why just to spite obama mustread SherrodBrown TruthMatters donaldtrump manypeoplearesaying sad""}",,,,,,,
"{""_id"":{""$oid"":""5e6e4cb675be3b80e1143752""}","original_text:""Lady Corona Original Character üò∑\n#anime #art #ArtistOnTwitter #animeartist #corona #CoronaVirusUpdates #sick #sad #commissionsopen https://t.co/zf6lZpp2X6""","label:""surprise""","process_text:""Lady Corona Original Character anime art ArtistOnTwitter animeartist corona CoronaVirusUpdates sick sad commissionsopen""}",,,,,,,
"{""_id"":{""$oid"":""5e6e4cbe75be3b80e1143753""}","original_text:""Heavy rainfall of 1/2 inch in 30 minutes has fallen near #us60 grand ave in #surprise #SuncityWest and is likely causing flooding issues. Stay safe. Remember don't cross any flooded crossings. https://t.co/KNTWTKFOBA""","label:""surprise""","process_text:""Heavy rainfall of 1 2 inch in 30 minutes has fallen near us60 grand ave in surprise SuncityWest and is likely causing flooding issues Stay safe Remember don t cross any flooded crossings""}",,,,,,,
"{""_id"":{""$oid"":""5e6e4cc675be3b80e1143754""}","original_text:""#Surprise¬†¬†¬†\nSince", it‚Äôs¬†#Holi¬†¬†today we have decided to do a¬†#fun¬†activity¬†¬†instead of asking Q3.\n\nShare your Selfie- Participate in the¬†Contest¬†by following all the questions and get a chance to Win a Gift Hamper From Eviour HandBags¬†\n\nPost your Selfie, like," share &amp; tag https://t.co/amqasoUXYQ""","label:""surprise""","process_text:""Surprise Since it is Holi today we have decided to do a fun activity instead of asking Q3 Share your Selfie Participate in the Contest by following all the questions and get a chance to Win a Gift Hamper From Eviour HandBags Post your Selfie like share amp tag""}",,,,
"{""_id"":{""$oid"":""5e6e4ccd75be3b80e1143755""}","original_text:""WTH? that‚Äôs the way you get votes joe? Wander aimlessly around the country telling people they‚Äôre full of sh*t and threatening to beat their a$$!! I don‚Äôt think @realDonaldTrump Did it that way. Oh that‚Äôs right"," he‚Äôs the unhinged one. üòé Almost forgot there for a minute! #sad""","label:""surprise""","process_text:""WTH that is the way you get votes joe Wander aimlessly around the country telling people they are full of sh t and threatening to beat their a I do not think Did it that way Oh that is right he is the unhinged one Almost forgot there for a minute sad""}",,,,,,
"{""_id"":{""$oid"":""5e6e4cd675be3b80e1143756""}","original_text:""This is incredibly stupid. I care WAY more about people who live off tips &amp; you should too. #coronavirus #annoying #perspective #HelpEachOther https://t.co/ignBDXxhr3""","label:""surprise""","process_text:""This is incredibly stupid I care WAY more about people who live off tips amp you should too coronavirus annoying perspective HelpEachOther""}",,,,,,,
"{""_id"":{""$oid"":""5e6e4cde75be3b80e1143757""}","original_text:""@Melissa43565759 @BGPolitics The #SAD standard American diet kills more Americans every day than this virus ever will https://t.co/gISMF3ZtvZ""","label:""surprise""",process_text:null},,,,,,,
"{""_id"":{""$oid"":""5e6e4cef75be3b80e1143758""}","original_text:""https://t.co/fM64Lb9Qtn THIS IS OUT NOW! @LazyTreeRecords #hiphop #rap #pop #newmusicfriday #depressing #sad #heartbreak #ianndior #xxxtentacion #juicewrld #banger #lazytreerecords #trap #lilpeep #autotune #postmalone #alternativerock #alternative #singing #bars #hard #breakup""","label:""surprise""","process_text:""THIS IS OUT NOW hiphop rap pop newmusicfriday depressing sad heartbreak ianndior xxtentacion juicewrld banger lazytreerecords trap lilpeep autotune postmalone alternativerock alternative singing bars hard breakup""}",,,,,,,
"{""_id"":{""$oid"":""5e6e4cf975be3b80e1143759""}","original_text:""\""Three mustangs that have been reclaimed by the Bureau of Land Management\"" @BLMWHB claims they only adopt wild horses to good homes", but we know that's not the case. So many end up being neglected, abused," or sold to slaughter. #BLM #wildhorses #government #adoption #share""","label:""surprise""","process_text:""Three mustangs that have been reclaimed by the Bureau of Land Management claims they only adopt wild horses to good homes but we know that s not the case So many end up being neglected abused or sold to slaughter BLM wildhorses government adoption share""}",,,,
"{""_id"":{""$oid"":""5e6e4d0275be3b80e114375a""}","original_text:""How many things does Donald Effing Trump have to call a hoax before @GOP realize that he IS a #hoax #TrumpLiesAboutCoronavirus #sad #RemoveTrump""","label:""surprise""","process_text:""How many things does Donald Effing Trump have to call a hoax before realize that he IS a hoax TrumpLiesAboutCoronavirus sad RemoveTrump""}",,,,,,,
"{""_id"":{""$oid"":""5e6e4d0a75be3b80e114375b""}","original_text:""I‚Äôm just waiting to see which one of these two comes down with the coronavirus before this debate. If allowed to happen"," it will be the stupidest debate in the history of politics!! Free everything VS I don‚Äôt know where I‚Äôm at! The race for the nursing home! #sad #but #true""","label:""surprise""","process_text:""I am just waiting to see which one of these two comes down with the coronavirus before this debate If allowed to happen it will be the stupidest debate in the history of politics Free everything VS I do not know where I am at The race for the nursing home sad but true""}",,,,,,
"{""_id"":{""$oid"":""5e6e4d1c75be3b80e114375c""}","original_text:""@YvetteHenson @livvystar The suicide rate is more concerning than #COVID19 and I would be shocked if we learn the #media induced panic over #CoronavirusPandemic pushes otherwise physically healthy people to take their own lives. #sad""","label:""surprise""","process_text:""The suicide rate is more concerning than COVID19 and I would be shocked if we learn the media induced panic over CoronavirusPandemic pushes otherwise physically healthy people to take their own lives sad""}",,,,,,,
"{""_id"":{""$oid"":""5e6e4d2175be3b80e114375d""}","original_text:""If I worked for @CDCgov", I would not drink. But if I did, I would not get drunk. But if I did, I would not pass out. But if I did," I would fall face foreward so no one could tell that I worked for the #CDC. #Sad #COVID„É?9 https://t.co/9RNbapAfkP""","label:""surprise""","process_text:""If I worked for I would not drink But if I did I would not get drunk But if I did I would not pass out But if I did I would fall face foreward so no one could tell that I worked for the CDC Sad COVID19""}",,,
"{""_id"":{""$oid"":""5e6e4d2575be3b80e114375e""}","original_text:""@Realityshaken This pure propagandized and lied to group of ppl are utterly immoral and have no ability to judge or use their own common sense.\n\nI truly pity and abhor their lack of self-awareness and empathy.\n\nI blame the long term plot of right wing ‚Äòpastors‚Ä?and political operatives.\n\n#Sad""","label:""surprise""","process_text:""This pure propagandized and lied to group of ppl are utterly immoral and have no ability to judge or use their own common sense I truly pity and abhor their lack of self awareness and empathy I blame the long term plot of right wing pastors and political operatives Sad""}",,,,,,,
"{""_id"":{""$oid"":""5e6e4d2e75be3b80e114375f""}","original_text:""kid turns blue and fucking dies\n-\n-\nignore the tags\n#meme #offensivememes #sad #dank #gn #edgy #funny #vaporwave #gnpost #lmao #lol #edgymemes #DarkSouls #mood #memes #anime #lofi #cringe #follow #edit #aesthetic #memesdaily #fortnite #memes #r6siege #weeb #amv #minecraft #naruto https://t.co/9Rk599rZWm""","label:""surprise""","process_text:""kid turns blue and fucking dies ignore the tags meme offensivememes sad dank gn edgy funny vaporwave gnpost lmao lol edgymemes DarkSouls mood memes anime lofi cringe follow edit aesthetic memesdaily fortnite memes r6siege weeb amv minecraft naruto""}",,,,,,,
"{""_id"":{""$oid"":""5e6e4d3775be3b80e1143760""}","original_text:""#BREAKING:A federal judge has DENIED a motion by @jkbjournalist and @MiamiHerald to UNSEAL #Epstein's criminal investigation records"," which would have exposed those who partook or aided his abuse of minors.#SAD\n\n#TheResistance #SaturdayThoughts #FBRParty\nhttps://t.co/GbCOIZA2VV""","label:""surprise""","process_text:""BREAKING A federal judge has DENIED a motion by and to UNSEAL Epstein s criminal investigation records which would have exposed those who partook or aided his abuse of minors SAD TheResistance SaturdayThoughts FBRParty""}",,,,,,
"{""_id"":{""$oid"":""5e6e4d4b75be3b80e1143761""}","original_text:"".@realDonaldTrump - Your hysterical sensitivity to this question suggests that you know deep down inside that you totally screwed up. #Sad\n\nPlump accused one reporter of asking a ‚Äúnasty question‚Ä?because it implied he has not handled the pandemic perfectly https://t.co/5Hw6irg6Bh""","label:""surprise""",process_text:null},,,,,,,
"{""_id"":{""$oid"":""5e6e4d5675be3b80e1143762""}","original_text:""SAD BOY\n#NCT127 #malamminggu #StopPolitisasiCorona #DSP_X1Unit1st #akuntansipolinema #lucu #Lucus #lucuabisbikinngakak #lucuabis #luculucuvideo #lucungakak #lucubanget #lucucewekmabuk #bikinkocak #sadboy #Singles #SinglePayer #sad https://t.co/vfyylr1QXg""","label:""surprise""","process_text:""SAD BOY NCT127 malamminggu StopPolitisasiCorona DSP X1Unit1st akuntansipolinema lucu Lucus lucuabisbikinngakak lucuabis luculucuvideo lucungakak lucubanget lucucewekmabuk bikinkocak sadboy Singles SinglePayer sad""}",,,,,,,
"{""_id"":{""$oid"":""5e6e4d6b75be3b80e1143763""}","original_text:""With all I have seen"," \""Scum\"" has no gender. \nNo gender is doing the other a favor. \n\nI have exhausted the little hope I had in love and humanity.\n#sad""","label:""surprise""",process_text:null},,,,,,
"{""_id"":{""$oid"":""5e6e4d7f75be3b80e1143764""}","original_text:""Pag 14 - Amazing surprise comic -\nReleased content\n\nhttps://t.co/BdUs8OmqvL\n#nicole #watterson #cute #furry #cat #cartoon #mom #yuki #yoshida #gumball #theamazingworldofgumball #page #amazing #surprise #hark #network https://t.co/S15ZjYWVET""","label:""surprise""","process_text:""Pag 14 Amazing surprise comic Released content nicole watterson cute furry cat cartoon mom yuki yoshida gumball theamazingworldofgumball page amazing surprise hark network""}",,,,,,,
"{""_id"":{""$oid"":""5e6e4d8975be3b80e1143765""}","original_text:""How contagious is the coronavirus?\n\n#news #facts #scary #twitter #sick #diseases #pandemic #coronavirus #ebola #virus #science #sad #graph #numbers #contagious #deadly #biology #data #datascience #communication #politics #business #current #trending #pop https://t.co/T5bqt6PBJy""","label:""surprise""","process_text:""How contagious is the coronavirus news facts scary twitter sick diseases pandemic coronavirus ebola virus science sad graph numbers contagious deadly biology data datascience communication politics business current trending pop""}",,,,,,,
"{""_id"":{""$oid"":""5e6e4d9175be3b80e1143766""}","original_text:""I saw a disgusting tabloid today that claimed they told the Queen she will never see Archie again. Racism makes you stupid and causes you to lie so easily. #Sad #MeghanAndHarry #PrinceHarry #MeghanMarkle could careless Love Them!!!!  https://t.co/rFojO6AXqw""","label:""surprise""","process_text:""I saw a disgusting tabloid today that claimed they told the Queen she will never see Archie again Racism makes you stupid and causes you to lie so easily Sad MeghanAndHarry PrinceHarry MeghanMarkle could careless Love Them""}",,,,,,,
"{""_id"":{""$oid"":""5e6e4d9c75be3b80e1143767""}","original_text:""Cody Feels Very Unhappy Today And I'm Not Sure What Happened... üòû\n\n#Cody #CodyTheFox #sad #artwork #fanart #FanArtFriday #Friday #ArtistOnTwitter #artistsontwitter https://t.co/V5wl2aqtpB""","label:""surprise""","process_text:""Cody Feels Very Unhappy Today And I m Not Sure What Happened Cody CodyTheFox sad artwork fanart FanArtFriday Friday ArtistOnTwitter artistsontwitter""}",,,,,,,
"{""_id"":{""$oid"":""5e6e4da675be3b80e1143768""}","original_text:""#BREAKING:So #SupremeCourt which could settle ALL legal questions surrounding #Trump THIS YEAR sparing us a constitutional crisis","will hear Trump's #taxreturns case today and likely kick the can DOWN THE ROAD.#SAD\n\n#TheResistance #FridayThoughts #FBRParty\nhttps://t.co/CbCxK2tVwh""","label:""surprise""","process_text:""BREAKING So SupremeCourt which could settle ALL legal questions surrounding Trump THIS YEAR sparing us a constitutional crisis will hear Trump s taxreturns case today and likely kick the can DOWN THE ROAD SAD TheResistance FridayThoughts FBRParty""}",,,,,,
"{""_id"":{""$oid"":""5e6e4dac75be3b80e1143769""}","original_text:""On loss and grief", part of being human,"  but oh so painful.\n#loss #sad #grief #life #human #thechangetriangle #emotion #education #mind #body\nhttps://t.co/W07eC9lTSA""","label:""surprise""","process_text:""On loss and grief part of being human but oh so painful loss sad grief life human thechangetriangle emotion education mind body""}",,,,,
"{""_id"":{""$oid"":""5e6e4db375be3b80e114376a""}","original_text:""All mellow in thailand:)\n\n@goonknox @intua   #beatmaker #beattape #lofi  #lofihiphop #love #sad #sadlofi #life #producer #producerthailand #musicthailand #asiamusic #dopelife #travelblogger #badmother‚Ä?https://t.co/46sXZ1XXrU""","label:""surprise""","process_text:""All mellow in thailand beatmaker beattape lofi lofihiphop love sad sadlofi life producer producerthailand musicthailand asiamusic dopelife travelblogger badmother""}",,,,,,,
"{""_id"":{""$oid"":""5e6e4db975be3b80e114376b""}","original_text:""This is a Trump supporter.\n- uneducated\n- ignorant of even the most basic science facts\n- a devout Christian and 4x4 + gun owner\n\n#sad \n\nAmerica will never be great so long as people like Brent are getting their way""","label:""surprise""","process_text:""This is a Trump supporter uneducated ignorant of even the most basic science facts a devout Christian and 4x4 gun owner sad America will never be great so long as people like Brent are getting their way""}",,,,,,,
"{""_id"":{""$oid"":""5e6e4dbf75be3b80e114376c""}","original_text:""You know what", honestly," this is a real portrayal of a lot of American‚Äôs attitudes. She‚Äôs not an outlier. That‚Äôs where we‚Äôre at.""","label:""surprise""",process_text:null},,,,,
"{""_id"":{""$oid"":""5e6e4dc775be3b80e114376d""}","original_text:""@SebGorka @_YvonneBurton @BerinSzoka Hate is one hell of a drug.\n\nI watched live as Berin Szoka's mental state just deteriorated over the past couple of years. Lost many allies", friends," and emotional stability. Sad.\n\n#BerinSzoka #TechFreedom #Google #Sad""","label:""surprise""","process_text:""YvonneBurton Hate is one hell of a drug I watched live as Berin Szoka s mental state just deteriorated over the past couple of years Lost many allies friends and emotional stability Sad BerinSzoka TechFreedom Google Sad""}",,,,,
"{""_id"":{""$oid"":""5e6e4dcf75be3b80e114376e""}","original_text:""Trump craves being seen as a strong leader. To this end he relentlessly self-promotes", degrades his opponents, lies, down-plays real dangers," exaggerates imaginary risks and struts around like a tin-pot dictator.\n\nWhen all he had to do was be a strong leader.\n\n#sad""","label:""surprise""",process_text:null},,,
"{""_id"":{""$oid"":""5e6e4ddc75be3b80e114376f""}","original_text:""@TaraLSamples The socialist scare tactics never made any sense to begin with. They just push this narrative to keep people voting against the interests of all people. But as soon as rich people need to be bailed out they will work to get it done and Find a way #sad""","label:""surprise""",process_text:null},,,,,,,
"{""_id"":{""$oid"":""5e6e4df175be3b80e1143770""}","original_text:""Those who still remember Mazoe Area. I remember one of the Orange farms was given to Bright Matonga. Those farms had sweety oranges coz the previous farmers used to add sugar indirectly on soils. Matonga failed to just copy and paste. #sad""","label:""surprise""","process_text:""Those who still remember Mazoe Area I remember one of the Orange farms was given to Bright Matonga Those farms had sweety oranges coz the previous farmers used to add sugar indirectly on soils Matonga failed to just copy and paste sad""}",,,,,,,
"{""_id"":{""$oid"":""5e6e4dfd75be3b80e1143771""}","original_text:""Pray for my Italy!!!\n#hardtimes #prayforitaly #sad #everyoneshouldhelp  #collaborations #helpeachother #stayathome #itwillbeokay #itwillbebetter https://t.co/0NTw8TGMC2""","label:""surprise""","process_text:""Pray for my Italy hardtimes prayforitaly sad everyoneshouldhelp collaborations helpeachother stayathome itwillbeokay itwillbebetter""}",,,,,,,
"{""_id"":{""$oid"":""5e6e4e1575be3b80e1143773""}","original_text:""... even the most ferocious enemy... can reserve unexpected sides. Art by Bordalo II in San Francisco"," USA #StreetArt #Art #Beauty #Surprise #Colors #Graffiti #Mural #UrbanArt #SanFrancisco https://t.co/Lrbx31hsgb""","label:""surprise""","process_text:""even the most ferocious enemy can reserve unexpected sides Art by Bordalo II in San Francisco USA StreetArt Art Beauty Surprise Colors Graffiti Mural UrbanArt SanFrancisco""}",,,,,,
"{""_id"":{""$oid"":""5e6e4e2775be3b80e1143774""}","original_text:""My heart breaks for every high school senior athlete who most likely saw their athletic careers come to a close today. The NCAA can grant an extra year of eligibility to college players ... but for high schoolers it‚Äôs pretty much over. @LHSLL @CHSBRLax @VSNLouisiana #sad""","label:""surprise""","process_text:""My heart breaks for every high school senior athlete who most likely saw their athletic careers come to a close today The NCAA can grant an extra year of eligibility to college players but for high schoolers it is pretty much over sad""}",,,,,,,
"{""_id"":{""$oid"":""5e6e4e2f75be3b80e1143775""}","original_text:""#JohnBolton takes heat for dismantling nation‚Äôs bio-defense while in Trump #WhiteHouse.  \n\nNow the piper must be paid.  Your share may be Grandma and Grandpa. #sad""","label:""surprise""","process_text:""JohnBolton takes heat for dismantling nation is bio defense while in Trump WhiteHouse Now the piper must be paid Your share may be Grandma and Grandpa sad""}",,,,,,,
"{""_id"":{""$oid"":""5e6e4e4f75be3b80e1143777""}","original_text:""@ParkerMolloy ...the man is just a pathological liar! It is such a dereliction of his basic duties as president to provide accurate information to the public. Simply an untrustworthy occupant of the White House \\ #SAD\n\nhttps://t.co/vR0jJR7hq0""","label:""surprise""",process_text:null},,,,,,,
"{""_id"":{""$oid"":""5e6e4e5a75be3b80e1143778""}","original_text:""Help your goddess pay her bills and feed her cat. Dont see what you want? Ask! #OnlyFans #ManyVids https://t.co/muwSGn4m7L""","label:""surprise""","process_text:""Help your goddess pay her bills and feed her cat Dont see what you want Ask OnlyFans ManyVids""}",,,,,,,
"{""_id"":{""$oid"":""5e6e4e6575be3b80e1143779""}","original_text:""@AndrewYang @JacobMcNair11 @beaversandbrush I was all about Yang until he endorsed Biden. It‚Äôs just shows he‚Äôs one of them and not who I thought he was. #Sad #NotMeUs""","label:""surprise""","process_text:""I was all about Yang until he endorsed Biden It is just shows he is one of them and not who I thought he was Sad NotMeUs""}",,,,,,,
"{""_id"":{""$oid"":""5e6e4e7875be3b80e114377a""}","original_text:""Unable to get some products from China at the moment. Wondering should I order extra of what's available now. How bad can this thing getü§î\n#Coronavirusireland #annoying https://t.co/rnLa4bhEZ7""","label:""surprise""","process_text:""Unable to get some products from China at the moment Wondering should I order extra of what s available now How bad can this thing get Coronavirusireland annoying""}",,,,,,,
"{""_id"":{""$oid"":""5e6e4e8475be3b80e114377b""}","original_text:""#BREAKING:In a STINGING dissenting opinion","#SupremeCourt Justice #Sotomayor CALLED OUT her 5 Conservative colleagues for essentially HELPING #Trump's #DOJ to LEAPFROG cases to #SCOTUS without good reason.#SAD\n\n#TheResistance #SaturdayThoughts #FBRParty\nhttps://t.co/cYceKfVAm4""","label:""surprise""","process_text:""BREAKING In a STINGING dissenting opinion SupremeCourt Justice Sotomayor CALLED OUT her 5 Conservative colleagues for essentially HELPING Trump s DOJ to LEAPFROG cases to SCOTUS without good reason SAD TheResistance SaturdayThoughts FBRParty""}",,,,,,
"{""_id"":{""$oid"":""5e6e4e9175be3b80e114377c""}","original_text:""Thanks for leading Mr. President. The chorus of @TheDemocrats howling is disappointing. It really shows how unfit Dems have become to lead America in a crisis. #sad #FridayThe13th #COVID @PershingSoldier @NBCNews @madly_offkilter @4everameric @JodiSparkles @LarryOConnor @DocCamo""","label:""surprise""","process_text:""Thanks for leading Mr President The chorus of howling is disappointing It really shows how unfit Dems have become to lead America in a crisis sad FridayThe13th COVID offkilter""}",,,,,,,
"{""_id"":{""$oid"":""5e6e4e9a75be3b80e114377d""}","original_text:""#Didyouknow this?\nSomeone opened a bottle of #wine", saw it fermenting and then recorked it. Then, he twisted open the bottle again, halfway, and, worried about the #mistake, recorked it. When the bottle was finally opened a third time," the result was a #surprise: The #Champagneüçæ https://t.co/fFWdFnUJhq""","label:""surprise""","process_text:""Didyouknow this Someone opened a bottle of wine saw it fermenting and then recorked it Then he twisted open the bottle again halfway and worried about the mistake recorked it When the bottle was finally opened a third time the result was a surprise The Champagne""}"
"{""_id"":{""$oid"":""5e6e4ea775be3b80e114377e""}","original_text:""@PolhomeEditor She‚Äôs another MP looking to score political points. Wigan should feel ashamed having her as their MP. Immature MP and her leadership campaign has shown her true colours. #sad""","label:""surprise""","process_text:""She is another MP looking to score political points Wigan should feel ashamed having her as their MP Immature MP and her leadership campaign has shown her true colours sad""}",,,,,,,
"{""_id"":{""$oid"":""5e6e4ebb75be3b80e114377f""}","original_text:""Shanna asked me to make her a playlist", and it made me realize I listen to some sad ass shit, some ratchet ass shit," and some heavy ass bass shit. Zero middle ground. üòÇüòÖ #nomiddleground #lmfao #playlist #sad #ratchet #heavybass""","label:""surprise""","process_text:""Shanna asked me to make her a playlist and it made me realize I listen to some sad ass shit some ratchet ass shit and some heavy ass bass shit Zero middle ground nomiddleground lmfao playlist sad ratchet heavybass""}",,,,
"{""_id"":{""$oid"":""5e6e4ecb75be3b80e1143780""}","original_text:""IS #MONEY #HAPPINESS?\n#YES\n\nhttps://t.co/4qdauLy9L0\n\nPresented by:\nüå∏https://t.co/hjwWyNaL7z\n\n#happy #wsj #nasdaq #stocks #family #marriage #life #people #wealth #luxury #reality #lonely #sad #depressed #macys #amazon #walmart #ikea #starbucks #coffee #travel #me #education #fun https://t.co/70GHURM7KG""","label:""surprise""","process_text:""IS MONEY HAPPINESS YES Presented by happy wsj nasdaq stocks family marriage life people wealth luxury reality lonely sad depressed macys amazon walmart ikea starbucks coffee travel me education fun""}",,,,,,,
"{""_id"":{""$oid"":""5e6e4ed375be3b80e1143781""}","original_text:""Dear @BorisJohnson I hold you personally responsible for the deaths of our citizens #coronaUK you actually thought this job was going to be easy. History will remember you as the total charlatan that you really are. #sad #pathetic""","label:""surprise""","process_text:""Dear I hold you personally responsible for the deaths of our citizens coronaUK you actually thought this job was going to be easy History will remember you as the total charlatan that you really are sad pathetic""}",,,,,,,
"{""_id"":{""$oid"":""5e6e4ed975be3b80e1143782""}","original_text:""#SURPRISE!!Saw 1st #Asian #COVERGIRL \n@HonPaulineT on EW's #Special #IWD2020 &amp; #WomensHistoryMonth Ed.!2B @ https://t.co/naUU2lYwyX tom.!‚Å†\n\n#WednesdayThoughts #ThankfulThursday #WIN #FridayVibes #GirlBoss #GirlPower #CEO #WednesdayWisdom #women #MondayThoughts #TuesdayMotivation https://t.co/l3z019bUi7""","label:""surprise""","process_text:""SURPRISE Saw 1st Asian COVERGIRL on EW s Special IWD2020 amp WomensHistoryMonth Ed 2B tom WednesdayThoughts ThankfulThursday WIN FridayVibes GirlBoss GirlPower CEO WednesdayWisdom women MondayThoughts TuesdayMotivation""}",,,,,,,
"{""_id"":{""$oid"":""5e6e4ee175be3b80e1143783""}","original_text:""@caitoz I worked in skilled nursing for 7 years &amp; saw this type of behavior every day w/ dementia patients. He had 2 brain aneurysms", which greatly increases his chances of developing vascular-type dementia. Regardless of political views," this is Elder Abuse &amp; will only escalate #Sad""","label:""surprise""",process_text:null},,,,,
"{""_id"":{""$oid"":""5e6e4ee975be3b80e1143784""}","original_text:""Lil Peep", Brennan Savage," Ghostemane and Killstation (California 2016) @Lilpeep @BrennanSavage #Ghostemane #Killstation #Photo #Rare #HipHop #Rap #Trap #Sad #Stars #Hype https://t.co/ayxtkklC2B""","label:""surprise""","process_text:""Lil Peep Brennan Savage Ghostemane and Killstation California 2016 Ghostemane Killstation Photo Rare HipHop Rap Trap Sad Stars Hype""}",,,,,
"{""_id"":{""$oid"":""5e6e4f0475be3b80e1143785""}","original_text:""We just love this #comic by @garethcowlin! #Speech and #language difficulties frequently cause #frustration in individuals and there's a lot more to it than #audible difficulties. \nCheck out #TalkingTogether here:\nhttps://t.co/WpIDw2ovqH https://t.co/86YUCES7Al""","label:""surprise""","process_text:""We just love this comic by Speech and language difficulties frequently cause frustration in individuals and there s a lot more to it than audible difficulties Check out TalkingTogether here""}",,,,,,,
"{""_id"":{""$oid"":""5e6e4f1075be3b80e1143786""}","original_text:""Surpriseeeeeee! Talk smack take a back whack. #revenge #wrestling #prowrestling #womenswrestling #crossbody #battlearts #wwe #indiewrestling #surprise https://t.co/ir6TjKFLOb""","label:""surprise""","process_text:""Surprisee Talk smack take a back whack revenge wrestling prowrestling womenswrestling crossbody battlearts wwe indiewrestling surprise""}",,,,,,,
"{""_id"":{""$oid"":""5e6e4f1f75be3b80e1143787""}","original_text:""@USArmy @senatemajldr SERIOUSLY folks", isn't it PATENTLY UNFAIR that #MitchMcConnell's campaign has FULL ACCESS to Dem #AmyMcGrath's military record," but a FOIA into #McConnell's record WILL NOT EVEN SAY whether there was a court martial or not? #SAD!!\n\nhttps://t.co/qTnF3OiqAJ""","label:""surprise""","process_text:""SERIOUSLY folks isn t it PATENTLY UNFAIR that MitchMcConnell s campaign has FULL ACCESS to Dem AmyMcGrath s military record but a FOIA into McConnell s record WILL NOT EVEN SAY whether there was a court martial or not SAD""}",,,,,
"{""_id"":{""$oid"":""5e6e4f2975be3b80e1143788""}","original_text:""#Next #goal is 500 #followers guys #please #help me it's not that #hard for you guys to #Make me 500 #followers\n\nAs you #know I've #kept my all #promise\nAnd I'll #keep my #next #Promise too you'll get a #surprise #Video when I get 500 #followers\n #rt #Retweet #nudes #horny #pussy https://t.co/PUMmyknpcL""","label:""surprise""","process_text:""Next goal is 500 followers guys please help me it s not that hard for you guys to Make me 500 followers As you know I ve kept my all promise And I ll keep my next Promise too you ll get a surprise Video when I get 500 followers rt Retweet nudes horny pussy""}",,,,,,,
"{""_id"":{""$oid"":""5e6e4f3275be3b80e1143789""}","original_text:""\""Chillhood\""~\n\n#Chillhood #broken #sad #infancia #doll #art #lineart #astist #ilustracion #ilustradora #ilustraciondigital #digitalart #arte #digital #artedigital #procreate #ipad #applepencil #dark #hollow #violence #death https://t.co/NqurBm4MF3""","label:""surprise""","process_text:""Chillhood Chillhood broken sad infancia doll art lineart astist ilustracion ilustradora ilustraciondigital digitalart arte digital artedigital procreate ipad applepencil dark hollow violence death""}",,,,,,,
"{""_id"":{""$oid"":""5e6e4f3e75be3b80e114378a""}","original_text:""That‚Äôs because these bullshit artists cannot except defeat", they couldn‚Äôt except it in 2016 when Donald Trump beat Hillary Clinton‚Äòs ass," and they can‚Äôt believe it now because Bernie Sanders lost so they scream voter suppression. So disingenuous these democrats #Sad""","label:""surprise""",process_text:null},,,,,
"{""_id"":{""$oid"":""5e6e4f4a75be3b80e114378b""}","original_text:""Take it deep üòº\n\n#marywillows #slut #sissy #femboy #tgirl #transgender #transsexual #chastity #ride #riding #tease #teasing #leaking #precum #sissygasm #femdom #heels #chaturbate #webcam #bbc #deep #milking #prostate #training #webcam #feminization #humiliation #frustration https://t.co/Maqqi5peAH""","label:""surprise""","process_text:""Take it deep marywillows slut sissy femboy tgirl transgender transsexual chastity ride riding tease teasing leaking precum sissygasm femdom heels chaturbate webcam bbc deep milking prostate training webcam feminization humiliation frustration""}",,,,,,,
"{""_id"":{""$oid"":""5e6e4f6a75be3b80e114378c""}","original_text:""#writingprompt https://t.co/8CiFF0cTNf #war#creativewriting #weather #keepwriting #forceofnature #journalchat #surprise#journalprompt https://t.co/7hgClqBLxu""","label:""surprise""","process_text:""writingprompt war creativewriting weather keepwriting forceofnature journalchat surprise journalprompt""}",,,,,,,
"{""_id"":{""$oid"":""5e6e4f7875be3b80e114378d""}","original_text:""So very #sad. #Seabirds frequently mistake small pieces of #plastic waste for food. As their stomachs fill with plastic that isn‚Äôt passed out of their systems"," #animals slowly starve to death. Avoid single use plastic &amp; sign here:\nhttps://t.co/59e6nKXHEi #birds #plasticdeath https://t.co/VteuxbXPlJ""","label:""surprise""","process_text:""So very sad Seabirds frequently mistake small pieces of plastic waste for food As their stomachs fill with plastic that is not passed out of their systems animals slowly starve to death Avoid single use plastic amp sign here birds plasticdeath""}",,,,,,
"{""_id"":{""$oid"":""5e6e4f8275be3b80e114378e""}","original_text:""@SaraZWood @MansardtheGreat Yes.  It's a new day for homeschooling:)\n Public school is Indoctrination. \n#LGBTQ  #PlannedParenthood  #SocialJustice \nIs the new god!  \n\nMentioning God or the Bible is prohibited. #Sad""","label:""surprise""","process_text:""Yes It s a new day for homeschooling Public school is Indoctrination LGBTQ PlannedParenthood SocialJustice Is the new god Mentioning God or the Bible is prohibited Sad""}",,,,,,,
"{""_id"":{""$oid"":""5e6e4f9175be3b80e114378f""}","original_text:""Things going well I see. Citizens show up to demand answers from non-responsive UCP MLA a day after 300 people showed up for a doctors' town hall. MLA blames \""union reps\"" for \""ridiculous pressure tactics\"" on his staff. The group actually organized by an ex-councillor üôÑ #ableg""","label:""surprise""","process_text:""Things going well I see Citizens show up to demand answers from non responsive UCP MLA a day after 300 people showed up for a doctors town hall MLA blames union reps for ridiculous pressure tactics on his staff The group actually organized by an ex councillor ableg""}",,,,,,,
"{""_id"":{""$oid"":""5e6e4f9f75be3b80e1143790""}","original_text:""#westvalleypreps 2020 softball preview #Glendale #Goodyear #Peoria #Surprise #AZNEWSMEDIA \n@cobrassoftball1 @CeHSGSball @DeerSkyhawk @EfhsSoftball @KPsbn @psbnlhs @MHSTigersAD @PHHSAthleticsAZ @srhs_softball @_smhs_softball @monsoonathetics @WCHSSB \nhttps://t.co/DW89sTA9jf""","label:""surprise""","process_text:""westvalleypreps 2020 softball preview Glendale Goodyear Peoria Surprise AZNEWSMEDIA softball smhs softball""}",,,,,,,
"{""_id"":{""$oid"":""5e6e4fa675be3b80e1143791""}","original_text:""@WinterbleShow I will miss you on @newsmax I Hope you find another TV slot somewhere. I couldn't watch either show on NewsMax in the time slots before or after you. I only tuned in to hear you. #SAD""","label:""surprise""","process_text:""I will miss you on I Hope you find another TV slot somewhere I couldn t watch either show on NewsMax in the time slots before or after you I only tuned in to hear you SAD""}",,,,,,,
"{""_id"":{""$oid"":""5e6e4fb075be3b80e1143792""}","original_text:""#Surprise Your Love One's.. Hurry Up as only #Few seats are left for #LUCKNOW to #Delhi#Agra#Dehradun on 6March2020..Grab Your tickets at https://t.co/W8UD9JKZEy  #Celebrate Holi with your family \n#FirstComeFirstServe\n#UPSRTCJourney\n#ComfyTravel\n#HappyHoli2020 \n#HappyRide https://t.co/AgZCealwe3""","label:""surprise""","process_text:""Surprise Your Love One s Hurry Up as only Few seats are left for LUCKNOW to Delhi Agra Dehradun on 6March2020 Grab Your tickets at Celebrate Holi with your family FirstComeFirstServe UPSRTCJourney ComfyTravel HappyHoli2020 HappyRide""}",,,,,,,
"{""_id"":{""$oid"":""5e6e4fbe75be3b80e1143793""}","original_text:""@malloryc1215 @Lee032772 @melinda_wvu @RepAlexMooney @realDonaldTrump It‚Äôs crazy that people hv to b so mean when they don‚Äôt c eye to eye on political views! Just because they don‚Äôt like Trump they are asking u", to change your political views! That is a fact! It isn‚Äôt that we don‚Äôt like facts, but when we come bk w/ a fact, they say bye," bye! #sad""","label:""surprise""","process_text:""wvu It is crazy that people hv to b so mean when they do not c eye to eye on political views Just because they do not like Trump they are asking u to change your political views That is a fact It is not that we do not like facts but when we come bk w a fact they say bye bye sad""}",,,
"{""_id"":{""$oid"":""5e6e4fcb75be3b80e1143794""}","original_text:""How do we celebrate #WomensDay when #Women &amp; #Children are killed in cold blood in #SouthernCameroons aka Ambazonia &amp; @UN @UN_Women @AfricanWomenAn4 remain mute?\n #InternationalWomensDay loses essence as #SouthernCameroonsWomen face #GENOCIDE  #Sad https://t.co/mX73yiR7ZF""","label:""surprise""","process_text:""How do we celebrate WomensDay when Women amp Children are killed in cold blood in SouthernCameroons aka Ambazonia amp Women remain mute InternationalWomensDay loses essence as SouthernCameroonsWomen face GENOCIDE Sad""}",,,,,,,
"{""_id"":{""$oid"":""5e6e4fd975be3b80e1143795""}","original_text:""@Christi67545687 @SICK6SIGMA @AndrewPollackFL @RyanAFournier I have never seen him have a stutter problem in all 40 years that he was in politics ~ until this year when he had obviously developed dementia...\n#sad for #QuidProJoe üòû""","label:""surprise""","process_text:""I have never seen him have a stutter problem in all 40 years that he was in politics until this year when he had obviously developed dementia sad for QuidProJoe""}",,,,,,,
"{""_id"":{""$oid"":""5e6e4fe475be3b80e1143796""}","original_text:""Night #1 With No Lacrosse #sad #CoronavirusPandemic #coronavirus @MCLA @vvlacrosse @LSALacrosse @Big12Lax @FrogsOWar @TCUSports https://t.co/oCxtavzMJL""","label:""surprise""","process_text:""Night 1 With No Lacrosse sad CoronavirusPandemic coronavirus""}",,,,,,,
"{""_id"":{""$oid"":""5e6e4fec75be3b80e1143797""}","original_text:""Went to the store today. Amazing how #greedy #humans can really be..#sad. #BlackTwitter #BlackMonday #advocate #GlobalPandemic https://t.co/4q4kd13KgO""","label:""surprise""","process_text:""Went to the store today Amazing how greedy humans can really be sad BlackTwitter BlackMonday advocate GlobalPandemic""}",,,,,,,
"{""_id"":{""$oid"":""5e6e4ff775be3b80e1143798""}","original_text:""#Why you guys #stop #following me\n#Just #hit the #follow #button and #follow me and #get  #nude in your #dm\n\nSo just #go and #follow me\n\n#Help me to #reach 500 #followers\n\nI'm also #really #excited for the #surprise I'm gonna #give you guys\n\n#rt #Retweet #nudes #horny #masturbate https://t.co/POLtaDbZ1F""","label:""surprise""",process_text:null},,,,,,,
"{""_id"":{""$oid"":""5e6e500475be3b80e1143799""}","original_text:""Fed Up with the missionary?? \nhttps://t.co/a2dKPjEcwN\n\n#annoying #joelosteen #missionary #mormon #MissionaryStyle  #SexPostion #buy #sextoy #Biteofsin #SexShop #Good #Sexlife #HaveFun https://t.co/JNjz8VuyMy""","label:""surprise""","process_text:""Fed Up with the missionary annoying joelosteen missionary mormon MissionaryStyle SexPostion buy sextoy Biteofsin SexShop Good Sexlife HaveFun""}",,,,,,,
"{""_id"":{""$oid"":""5e6e501275be3b80e114379a""}","original_text:""The Best #Book for #weekend!\nDo you want to #surprise your #family or friends with your new #soup?\nThen #download this free #book faster and #cook soup for an easy #recipe.\n#cookbook #cookies #foodbook #goodfood #breakfast #Foodies #KindleBook #amazonbooks\nhttps://t.co/ImymF3XyYO https://t.co/n0iG1OxEtV""","label:""surprise""","process_text:""The Best Book for weekend Do you want to surprise your family or friends with your new soup Then download this free book faster and cook soup for an easy recipe cookbook cookies foodbook goodfood breakfast Foodies KindleBook amazonbooks""}",,,,,,,
"{""_id"":{""$oid"":""5e6e501d75be3b80e114379b""}","original_text:""@AmyMcGrathKY Think about that folks---@senatemajldr is running for his SEVENTH CONSECUTIVE TERM as a U.S. Senator"," all while HIDING his military record--with MUCH HELP from corporate #MSM and @USArmy. #SAD!!\n\n#TheResistance #CNN #MSNBC #ThursdayThoughts #FBRParty\nhttps://t.co/dkpzf4x0Pz""","label:""surprise""","process_text:""Think about that folks is running for his SEVENTH CONSECUTIVE TERM as a U S Senator all while HIDING his military record with MUCH HELP from corporate MSM and SAD TheResistance CNN MSNBC ThursdayThoughts FBRParty""}",,,,,,
"{""_id"":{""$oid"":""5e6e502475be3b80e114379c""}","original_text:""#BREAKING:Turns out the same day #Barr became AG",he INSTALLED HIS DAUGHTER at #Mnuchin's Treasury where she among other things,"HELPS HIDE #Trump's #taxreturns and now HELPS PUBLISH financial records of the #Bidens.#SAD\n\n#TheResistance #CNN #MSNBC #Yahoo #mondaythoughts #FBRParty https://t.co/slhdfY2MDs""","label:""surprise""","process_text:""BREAKING Turns out the same day Barr became AG he INSTALLED HIS DAUGHTER at Mnuchin s Treasury where she among other things HELPS HIDE Trump s taxreturns and now HELPS PUBLISH financial records of the Bidens SAD TheResistance CNN MSNBC Yahoo mondaythoughts FBRParty""}",,,,,
"{""_id"":{""$oid"":""5e6e503175be3b80e114379d""}","original_text:""Give me ur cum and make a vid of it üòù im so horny rn \nFollow and rt for #surprise \n#cumtribute #cumtributes #slut #whore #Horny #cumslave #cumtime #cumprincess #cocktribute #videotribute #wank #dropbox #s2r #selling #nudes #cock https://t.co/YsFjxoiAXh""","label:""surprise""","process_text:""Give me ur cum and make a vid of it im so horny rn Follow and rt for surprise cumtribute cumtributes slut whore Horny cumslave cumtime cumprincess cocktribute videotribute wank dropbox s2r selling nudes cock""}",,,,,,,
"{""_id"":{""$oid"":""5e6e504475be3b80e114379e""}","original_text:""@GinaSlyer @dbaug57942 this is all planned. His wife is a physican... it's all a scam. He was not even trying until the impeachment failed then Joe jumped up &amp; got busy trying to get some votes. He is even willing to name MIchelle O as VP to try to get votes. #Sad""","label:""surprise""","process_text:""this is all planned His wife is a physican it s all a scam He was not even trying until the impeachment failed then Joe jumped up amp got busy trying to get some votes He is even willing to name MIchelle O as VP to try to get votes Sad""}",,,,,,,
"{""_id"":{""$oid"":""5e6e505375be3b80e114379f""}","original_text:""Dakota Johnson Shows Her Midcentury-Modern Home {https://t.co/9aBdHUTjdp}\n\n#architecturaldigest #dakotajohnson #midcenturyhome #homes #locationlocation #celebritynews #EntertainmentNews #BreakingNews #womeninfilm #sad #crying #coronapocalypse #GreysAnatomy #PremierLeague""","label:""surprise""","process_text:""Dakota Johnson Shows Her Midcentury Modern Home architecturaldigest dakotajohnson midcenturyhome homes locationlocation celebritynews EntertainmentNews BreakingNews womeninfilm sad crying coronapocalypse GreysAnatomy PremierLeague""}",,,,,,,
"{""_id"":{""$oid"":""5e6e506e75be3b80e11437a0""}","original_text:""@VerbalaseOOC  i cant believe verbalase said something like this"," cartoon beatbox battles is cancelled :( #verbalase #Sad https://t.co/A9vN72PiIW""","label:""surprise""","process_text:""i cant believe verbalase said something like this cartoon beatbox battles is cancelled verbalase Sad""}",,,,,,
"{""_id"":{""$oid"":""5e6e507975be3b80e11437a1""}","original_text:""What has Donnie accomplished?\n\nA. Built the Wall\nB. Prepared us for the coronavirus epidemic when the experts all said in December that it was coming\nC. Banned mango juul Pods\n\n#SAD""","label:""surprise""","process_text:""What has Donnie accomplished A Built the Wall B Prepared us for the coronavirus epidemic when the experts all said in December that it was coming C Banned mango juul Pods SAD""}",,,,,,,
"{""_id"":{""$oid"":""5e6e508275be3b80e11437a2""}","original_text:""Every day should be a love day but because today is special"," take time to appreciate the special people in your life. Happy Valentine's Day from all of us at Custodian. \n\n#ValentinesDay #Valentine #Money #LoveSeason #Gift #Surprise #Love #Custodian #Custodianplc https://t.co/Do19i36QMz""","label:""surprise""","process_text:""Every day should be a love day but because today is special take time to appreciate the special people in your life Happy Valentine s Day from all of us at Custodian ValentinesDay Valentine Money LoveSeason Gift Surprise Love Custodian Custodianplc""}",,,,,,
"{""_id"":{""$oid"":""5e6e509a75be3b80e11437a3""}","original_text:""\""As a founder", lay all the possible scenarios -- from best to worst -- in front of you," so you don‚Äôt get surprised when something happens.\"" -Brian Wong"," Co-founder of Kiip\n#ybt #ThursdayThoughts #thursdayvibes #surprise #hardwork #entrepreneurUK #planning #smartwork #Entrepreneur""","label:""surprise""","process_text:""As a founder lay all the possible scenarios from best to worst in front of you so you do not get surprised when something happens Brian Wong Co founder of Kiip ybt ThursdayThoughts thursdayvibes surprise hardwork entrepreneurUK planning smartwork Entrepreneur""}",,,,
"{""_id"":{""$oid"":""5e6e50b175be3b80e11437a4""}","original_text:""I thought I‚Äôd spread some good news today! Look what we are cooking up!! We are having a baby!!! Can‚Äôt wait for @scottbaileyofficial to be a father again!!! #surprise #Impregnant #overthemoon #babyontheway https://t.co/FhXPUowzoa""","label:""surprise""","process_text:""I thought I would spread some good news today Look what we are cooking up We are having a baby Ca not wait for to be a father again surprise Impregnant overthemoon babyontheway""}",,,,,,,
"{""_id"":{""$oid"":""5e6e50be75be3b80e11437a5""}","original_text:""@bex0760 @AynRandPaulRyan @andylassner 4hrs 1 day it does not matter there were and are tests @tomhanks said he was happy he was in Australia because had he been here he would not have been tested. What happens then is people are passing the virus all around without knowing ‚Ä?they could be responsible for a death #sad""","label:""surprise""","process_text:""4hrs 1 day it does not matter there were and are tests said he was happy he was in Australia because had he been here he would not have been tested What happens then is people are passing the virus all around without knowing they could be responsible for a death sad""}",,,,,,,
"{""_id"":{""$oid"":""5e6e50ce75be3b80e11437a6""}","original_text:""Now is a great time to refresh the mesh on your stick.  It‚Äôs also a great take time to clean your bookbag", purse," sports bag &amp; equipment.  Just remember to follow manufacturer cleaning recommendations.  #flu #covid19 #season #lacrosse #blues #sad #mesh @lacrosse360us https://t.co/XDBHgKaSQY""","label:""surprise""","process_text:""Now is a great time to refresh the mesh on your stick It is also a great take time to clean your bookbag purse sports bag amp equipment Just remember to follow manufacturer cleaning recommendations flu covid19 season lacrosse blues sad mesh""}",,,,,
"{""_id"":{""$oid"":""5e6e50dc75be3b80e11437a7""}","original_text:""Squad finds out about the cancellation of E3 2020. He Didn't take it well. #animation #reaction #dialogue #voiceclip #cartoonist #shocking #sad #cursing https://t.co/rROOyNE8fR""","label:""surprise""","process_text:""Squad finds out about the cancellation of E3 2020 He Didn t take it well animation reaction dialogue voiceclip cartoonist shocking sad cursing""}",,,,,,,
"{""_id"":{""$oid"":""5e6e50e975be3b80e11437a8""}","original_text:""We have to wait till June 2020 for #Trump's #taxreturns BECAUSE @ManhattanDA who had all the chips"," opted for \""A DEAL\"" with #Trump's attorneys instead of ENFORCING THE SUBPOENA which would have compelled #SCOTUS to make a decision THIS YEAR. #SAD\n\nhttps://t.co/lQ7GjCHTAa""","label:""surprise""","process_text:""We have to wait till June 2020 for Trump s taxreturns BECAUSE who had all the chips opted for A DEAL with Trump s attorneys instead of ENFORCING THE SUBPOENA which would have compelled SCOTUS to make a decision THIS YEAR SAD""}",,,,,,
"{""_id"":{""$oid"":""5e6e50fc75be3b80e11437a9""}","original_text:""Am watching Wuhan virus presser as @realDonaldTrump declares national emergency", expedites approval of new diagnostic tests, introduces an array of hovt/industry execs, waives payments on college loans... &amp; wonder how long before 1st msm criticism," on what front this time. #Sad""","label:""surprise""","process_text:""Am watching Wuhan virus presser as declares national emergency expedites approval of new diagnostic tests introduces an array of hovt industry execs waives payments on college loans amp wonder how long before 1st msm criticism on what front this time Sad""}",,,
"{""_id"":{""$oid"":""5e6e511475be3b80e11437aa""}","original_text:""How To Tell The Difference Between SAD &amp; Depression - mindbodygreen https://t.co/Lg4MXDA0yO #mentalhealth #wellness #therapy #depression #seasonalaffective #selfhelp #musictherapy #sad""","label:""surprise""","process_text:""How To Tell The Difference Between SAD amp Depression mindbodygreen mentalhealth wellness therapy depression seasonalaffective selfhelp musictherapy sad""}",,,,,,,
"{""_id"":{""$oid"":""5e6e513175be3b80e11437ab""}","original_text:""Looks like @DevinDVote has been hiding from his own constituents: \""Citizens accuse MLA of ‚Äòhiding‚Ä?during fight with doctors.\"" It's truly a government on austerity autopilot #Sad #ableg https://t.co/XYNKPmD5dd""","label:""surprise""","process_text:""Looks like has been hiding from his own constituents Citizens accuse MLA of hiding during fight with doctors It s truly a government on austerity autopilot Sad ableg""}",,,,,,,
"{""_id"":{""$oid"":""5e6e513f75be3b80e11437ac""}","original_text:""Alabama representative Bradley Byrne was one of 40 Republicans voting against The House Coronavirus relief bill. #Sad\n\nOn the bright side"," he'll be gone next January having lost a Senate bid to Sessions and Tuberville. https://t.co/cAI8gO0joc""","label:""surprise""","process_text:""Alabama representative Bradley Byrne was one of 40 Republicans voting against The House Coronavirus relief bill Sad On the bright side he ll be gone next January having lost a Senate bid to Sessions and Tuberville""}",,,,,,
"{""_id"":{""$oid"":""5e6e514a75be3b80e11437ad""}","original_text:""Sad to say goodbye to a friend melting away. #colour_collective #galena #snowman #friends #melting #love #sad #goodbye #art #illustration #kidlitart #childrensbooks #picturebook #pencil #drawing #sketch #sketching #childhood #moments #friendship #illustrationart #FridayFeeling https://t.co/IHYHbNCuXU""","label:""surprise""","process_text:""Sad to say goodbye to a friend melting away colour collective galena snowman friends melting love sad goodbye art illustration kidlitart childrensbooks picturebook pencil drawing sketch sketching childhood moments friendship illustrationart FridayFeeling""}",,,,,,,
"{""_id"":{""$oid"":""5e6e515875be3b80e11437ae""}","original_text:""@realDonaldTrump #coronavirus isn't a political issue...\nThe left are suffering from TDS\n#Sad #Trump2020NowMoreThanEver https://t.co/oO6i32bTyW""","label:""surprise""","process_text:""coronavirus isn t a political issue The left are suffering from TDS Sad Trump2020NowMoreThanEver""}",,,,,,,
"{""_id"":{""$oid"":""5e6e516075be3b80e11437af""}","original_text:""Meanwhile #Trump IS ALLOWED TO ABUSE the federal court system to STALL on his #taxreturns", Congressional subpoenas," lawsuits against him......#SAD!!""","label:""surprise""","process_text:""Meanwhile Trump IS ALLOWED TO ABUSE the federal court system to STALL on his taxreturns Congressional subpoenas lawsuits against him SAD""}",,,,,
"{""_id"":{""$oid"":""5e6e517275be3b80e11437b0""}","original_text:""Arraignments moved up in horse cruelty cases  https://t.co/nh7Cfi3J9T #horses #wildhorses #mustangs #AnimalCruelty #AnimalWelfare #Kentucky #news #sad https://t.co/vUgXtZSLdk""","label:""surprise""","process_text:""Arraignments moved up in horse cruelty cases horses wildhorses mustangs AnimalCruelty AnimalWelfare Kentucky news sad""}",,,,,,,
"{""_id"":{""$oid"":""5e6e518675be3b80e11437b1""}","original_text:""I am just going to start sharing dipshits in the DM‚Äôs. He was was upset that that I didn‚Äôt want to see his 11 inch penis... #dipshit #annoying #rejected https://t.co/0j7WqfxhzU""","label:""surprise""","process_text:""I am just going to start sharing dipshits in the DM is He was was upset that that I did not want to see his 11 inch penis dipshit annoying rejected""}",,,,,,,
"{""_id"":{""$oid"":""5e6e519175be3b80e11437b2""}","original_text:""#SURPRISE!! #Friends saw 1st #Asian #COVERGIRL \non EW's #Special #IWD2020 &amp; #WomensHistoryMonth Ed. &amp; sent 2me!2B posted @ https://t.co/IjLTTDcpPx tom!‚Å†\n\n#WednesdayThoughts #ThankfulThursday #WIN #FridayVibes #CEO #WednesdayWisdom #women #MondayThoughts #TuesdayMotivation #women https://t.co/0Vd4sjOFKQ""","label:""surprise""","process_text:""SURPRISE Friends saw 1st Asian COVERGIRL on EW s Special IWD2020 amp WomensHistoryMonth Ed amp sent 2me 2B posted tom WednesdayThoughts ThankfulThursday WIN FridayVibes CEO WednesdayWisdom women MondayThoughts TuesdayMotivation women""}",,,,,,,
"{""_id"":{""$oid"":""5e6e51a675be3b80e11437b3""}","original_text:""We are all so quick to forget how it started"," and instead remember how it ends.... #deepthoughts #sad #micropoetry  #life #writing https://t.co/woVExI6udp""","label:""surprise""","process_text:""We are all so quick to forget how it started and instead remember how it ends deepthoughts sad micropoetry life writing""}",,,,,,
"{""_id"":{""$oid"":""5e6e51b675be3b80e11437b4""}","original_text:""Its been a hard week for everyone and my day is staring off crappy. Send me some funny Gifs or jokes and lets get some laughs for all of us going. \n#sendhelp #WritingCommunity #writer #Sad #writerslife #author #needhelp #author #SaturdayMorning""","label:""surprise""","process_text:""Its been a hard week for everyone and my day is staring off crappy Send me some funny Gifs or jokes and lets get some laughs for all of us going sendhelp WritingCommunity writer Sad writerslife author needhelp author SaturdayMorning""}",,,,,,,
"{""_id"":{""$oid"":""5e6e51c575be3b80e11437b5""}","original_text:""The fields of Athenry:\n\nFull song at any of the links:\n#Followme\n\n#eire #oldireland #famine\n#sad #life #death\n\n@Tommycoulter4\n@IrishMirror\n@Independent_ie\n@IrishTradTunes\n\nhttps://t.co/LkYP5kVtu7\n\nhttps://t.co/92ITV7sgiJ\n\nhttps://t.co/8n4C9IEMKA https://t.co/6fKG8F7utq""","label:""surprise""","process_text:""The fields of Athenry Full song at any of the links Followme eire oldireland famine sad life death ie""}",,,,,,,
"{""_id"":{""$oid"":""5e6e51d775be3b80e11437b6""}","original_text:""@ddiamond Almost 4 Months!  #DoNothingTrump Can‚Äôt even read a Memo without Failure!   Lies had to be Corrected.  Or Covered Up? Zero #TestKits. #coronovirususa was Allowed to Be a Pandemic WhiteHouse @DonLemon #ResignTrump @NicolleDWallace @MSNBC @CBSNews @USATODAY #SAD @NYTimes @FT""","label:""surprise""","process_text:""Almost 4 Months DoNothingTrump Ca not even read a Memo without Failure Lies had to be Corrected Or Covered Up Zero TestKits coronovirususa was Allowed to Be a Pandemic WhiteHouse ResignTrump SAD""}",,,,,,,
"{""_id"":{""$oid"":""5e6e51e775be3b80e11437b7""}","original_text:""Interesting tidbit--\""two Bureau of Alcohol", Tobacco," Firearms and Explosives instructors 'continued to engage in consensual sex with their students' for more than three years after[being]told to stop.\""\n\nWhat's next folks"," orgies at #Barr's #DOJ? #SAD""","label:""surprise""","process_text:""Interesting tidbit two Bureau of Alcohol Tobacco Firearms and Explosives instructors continued to engage in consensual sex with their students for more than three years after being told to stop What s next folks orgies at Barr s DOJ SAD""}",,,,
"{""_id"":{""$oid"":""5e6e51f775be3b80e11437b8""}","original_text:""@ColinKahl @alicesperi @ChipGibbons89 @avitale @mediajustice @freepress Oh wait",Your Truly found the answerüëá--#MSM knows exactly what's going on with #surveillance ABUSES by #Trump admin but STAYS SILENT so as not to UPSET their elite friends.Don't take Yours Truly's word for it,"people figured this out WAY BACK IN 1978.#SAD\n\nhttps://t.co/OcQR0XGjq4""","label:""surprise""","process_text:""Oh wait Your Truly found the answer MSM knows exactly what s going on with surveillance ABUSES by Trump admin but STAYS SILENT so as not to UPSET their elite friends Don t take Yours Truly s word for it people figured this out WAY BACK IN 1978 SAD""}",,,,,
"{""_id"":{""$oid"":""5e6e520475be3b80e11437b9""}","original_text:""I am literally speechless at the moment!! Thank you so so much. I have been after this for some time now. @Dartwolf180 you are amazing and thank you for picking me. üíõ https://t.co/VaF6Q7ivXq""","label:""surprise""",process_text:null},,,,,,,
"{""_id"":{""$oid"":""5e6e520f75be3b80e11437ba""}","original_text:""How does Negative thinking create epidemics like Coronavirus .....through transmission of energy vibrations from soul to Earth Grid of mass consciousness  \nNegative #stop#sad#angry#vibrations # https://t.co/6nq4f2RmwN""","label:""surprise""","process_text:""How does Negative thinking create epidemics like Coronavirus through transmission of energy vibrations from soul to Earth Grid of mass consciousness Negative stop sad angry vibrations""}",,,,,,,
"{""_id"":{""$oid"":""5e6e521a75be3b80e11437bb""}","original_text:""Our Community Mobilization Unit"," stopped in to visit Youth Unlimited today and helped Kyrie celebrate his 7th #birthday today! #Surprise #PRP #Community \n@prp_21cmt https://t.co/8HSOT41BiN""","label:""surprise""","process_text:""Our Community Mobilization Unit stopped in to visit Youth Unlimited today and helped Kyrie celebrate his 7th birthday today Surprise PRP Community 21cmt""}",,,,,,
"{""_id"":{""$oid"":""5e6e522575be3b80e11437bc""}","original_text:""\""Three mustangs that have been reclaimed by the Bureau of Land Management\"" @BLMWHB claims they only adopt wild horses to good homes", but we know that's not the case. So many end up being neglected, abused," or sold to slaughter. #BLM #wildhorses #government #adoption #share https://t.co/daJo0RPa5O""","label:""surprise""","process_text:""Three mustangs that have been reclaimed by the Bureau of Land Management claims they only adopt wild horses to good homes but we know that s not the case So many end up being neglected abused or sold to slaughter BLM wildhorses government adoption share""}",,,,
"{""_id"":{""$oid"":""5e6e524a75be3b80e11437bd""}","original_text:""@YGalanter @realDonaldTrump @LouDobbs Every bag eaten comes with a free shirt. Sorry Mr. Presidementia"," not available in XXXL. #sad https://t.co/LEeW5KmGJR""","label:""surprise""","process_text:""Every bag eaten comes with a free shirt Sorry Mr Presidementia not available in XXL sad""}",,,,,,
"{""_id"":{""$oid"":""5e6e525775be3b80e11437be""}","original_text:""I am right and I am completely biased against Trump. A better question though is why aren‚Äôt you unless you support his beliefs of racism? He‚Äôs morally corrupt and doesn‚Äôt care about this country. You are a coward hiding who you are on the internet. You‚Äôre obsessed with me. #sad""","label:""surprise""",process_text:null},,,,,,,
"{""_id"":{""$oid"":""5e6e526175be3b80e11437bf""}","original_text:""Lonely and in need of a friend RT if you want to be friends feel free to DM #teen #underage #under18 #jailbait #teenagers #chubby #under16 #alone #Lonely #Sad https://t.co/rsNDOJOahZ""","label:""surprise""","process_text:""Lonely and in need of a friend RT if you want to be friends feel free to DM teen underage under18 jailbait teenagers chubby under16 alone Lonely Sad""}",,,,,,,
"{""_id"":{""$oid"":""5e6e527e75be3b80e11437c0""}","original_text:""Tonight‚Äôs the night.... Can we achieve our love goals??? Tune in on @own #lovegoals #own @ownkeepitreal #newcouplecominin #surprise #realitytv #realityshow #mylove #relationshipgoals #therapy #couplesgoals #couplestherapy #happiness #coolio #mimiivey #unbreakablebond https://t.co/teIcRfW6I3""","label:""surprise""","process_text:""Tonight is the night Can we achieve our love goals Tune in on lovegoals own newcouplecominin surprise realitytv realityshow mylove relationshipgoals therapy couplesgoals couplestherapy happiness coolio mimiivey unbreakablebond""}",,,,,,,
"{""_id"":{""$oid"":""5e6e528975be3b80e11437c1""}","original_text:""They want Hillary to be the VP", that way if Joe becomes president they can say he has dementia and slide her in without having to campaign," without getting voted in and without debating @realDonaldTrump . https://t.co/DGx6mpgJWu""","label:""surprise""",process_text:null},,,,,
"{""_id"":{""$oid"":""5e6e529375be3b80e11437c2""}","original_text:""Out on My https://t.co/sWEaBpYk5Y #schooluniform #schoolgirl #rollplay #pigtails #socks #wetandmessy #creampie #POV #dirtytalk #flirt #upset #bigtits #legs #assfetish #JOI #cocktease #masturbationinstruction for customs easy10min clip ideas ","Skype sessions email damselx@yahoo.com https://t.co/0Vn3IrKHbR""","label:""surprise""","process_text:""Out on My schooluniform schoolgirl rollplay pigtails socks wetandmessy creampie POV dirtytalk flirt upset bigtits legs assfetish JOI cocktease masturbationinstruction for customs easy10min clip ideas Skype sessions email damselx com""}",,,,,,
"{""_id"":{""$oid"":""5e6e529d75be3b80e11437c3""}","original_text:""Kenya's rare white female giraffe 'killed by poachers' \nJust so #sad and #tragic\nHumanity should celebrate uniqueness in #mothernature not seek to kill it\nhttps://t.co/VYxb9MUY3C""","label:""surprise""","process_text:""Kenya s rare white female giraffe killed by poachers Just so sad and tragic Humanity should celebrate uniqueness in mothernature not seek to kill it""}",,,,,,,
"{""_id"":{""$oid"":""5e6e52b875be3b80e11437c4""}","original_text:""Taking chances w/ his OWN health is one thing ...\n\nPurposely and needlessly doing the same with his CHILDREN makes him a true #MAGA Moron.\n\n#SAD https://t.co/jKNEaN4CUj""","label:""surprise""","process_text:""Taking chances w his OWN health is one thing Purposely and needlessly doing the same with his CHILDREN makes him a true MAGA Moron SAD""}",,,,,,,
"{""_id"":{""$oid"":""5e6e52c275be3b80e11437c5""}","original_text:""@realDonaldTrump You should listen to your own advice. You're in charge. What happens on your watch is your responsibility. This is not #MAGA  This is #Sad #TrumpVirus @RPDayhoff""","label:""surprise""","process_text:""You should listen to your own advice You re in charge What happens on your watch is your responsibility This is not MAGA This is Sad TrumpVirus""}",,,,,,,
"{""_id"":{""$oid"":""5e6e52cc75be3b80e11437c6""}","original_text:""@Barbaralighteye @funder THIS ^ is a true statement! #TraitorTrump's been trying to figure out a way to cull thousands off of Medicare/Medicaid to help him pay 4 his wall that Mexico ISN'T paying for! So"," he's telling people U might not even call a Dr &amp; U may still go to work! He WANTS it to spread! #SAD""","label:""surprise""","process_text:""THIS is a true statement TraitorTrump s been trying to figure out a way to cull thousands off of Medicare Medicaid to help him pay 4 his wall that Mexico ISN T paying for So he s telling people U might not even call a Dr amp U may still go to work He WANTS it to spread SAD""}",,,,,,
"{""_id"":{""$oid"":""5e6e52d675be3b80e11437c7""}","original_text:""I‚Äôm just waiting to see which one of these two comes down with the coronavirus before this debate. If allowed to happen"," it will be the stupidest debate in the history of politics!! Free everything VS I don‚Äôt know where I‚Äôm at! The race for the nursing home! #sad #but #true https://t.co/4DewJ5des5""","label:""surprise""","process_text:""I am just waiting to see which one of these two comes down with the coronavirus before this debate If allowed to happen it will be the stupidest debate in the history of politics Free everything VS I do not know where I am at The race for the nursing home sad but true""}",,,,,,
"{""_id"":{""$oid"":""5e6e52e475be3b80e11437c8""}","original_text:""@AP @sfpelosi This is bad news! Here in Seattle we vote safely by mail! They did ask us not to üëÖ lick the envelope! This is too important. The Secretary of States must fix this! Plus this there‚Äôs a PAPER TRAIL. The .@realDonaldTrump Party wants to cheat", lie," and depress Dem turnout! #Sad https://t.co/a5SYxvyXu8""","label:""surprise""",process_text:null},,,,,
"{""_id"":{""$oid"":""5e6e52f075be3b80e11437c9""}","original_text:""#sad #systemAnalystAndDesign \n1. Planning\n2. Defining\n3. Designing\n4. Building\n5. Testing\n6. Development\n#programming #java #programmer #brabu""","label:""surprise""","process_text:""sad systemAnalystAndDesign 1 Planning 2 Defining 3 Designing 4 Building 5 Testing 6 Development programming java programmer brabu""}",,,,,,,
